Product ID,Brand,Category,Image URL,Price,Product Name,Rating,Rating Count,Available Size
36368787,H&M,Jeans,http://assets.myntassets.com/assets/images/2025/SEPTEMBER/9/r7GBPjRg_001565c1652b4d0a89309cf837188573.jpg,799,H&M Infant Boy Slim Fit Jeans,4.521305561065674,1103,"6M,6-9M,9-12M,12-18M,18-24M,2-3Y,3-4Y"
36174494,H&M,Night suits,http://assets.myntassets.com/assets/images/2025/SEPTEMBER/9/0qjVG0H7_1e9e3049bf8b46cfa2b138a66e69c920.jpg,1999,H&M Ribbed Pyjamas,3.704347848892212,115,"XXS,XS,S,M,L,XL"
37746588,H&M,Sweatshirts,http://assets.myntassets.com/assets/images/2025/NOVEMBER/20/Iw6N4qqZ_2ad724b244f148ccacb314b34ef2e9f0.jpg,1499,H&M Oversized V-Neck Sweatshirt,4.523952007293701,334,"XXS,XS,S,M,L,XL"
39779293,H&M,Candles,http://assets.myntassets.com/assets/images/2026/FEBRUARY/2/J38J0kVE_88c4dce8d6d34ecf90c7e50018436eb8.jpg,399,H&M Scented Candle In Glass Holder,0.0,0,Onesize
38466921,H&M,Shirts,http://assets.myntassets.com/assets/images/2025/DECEMBER/15/KaSQWdu7_9cb978ca016c4f49ab1ce7cbfddbaa16.jpg,799,H&M Cotton Shirt,4.614391326904297,542,"18-24M,2-3Y,3-4Y,4-5Y,5-6Y,6-7Y,7-8Y,8-9Y,9-10Y"
30760703,H&M,Ties,http://assets.myntassets.com/assets/images/2025/SEPTEMBER/9/vF09FsgF_b15bd63263a24fb087d5c91cc1aaabf0.jpg,799,H&M Men Skinny Ties,4.810344696044922,116,Onesize
20412288,H&M,Jeans,http://assets.myntassets.com/assets/images/2025/SEPTEMBER/9/DDOyfApF_c04fadd6251041ac95ec7f8f58de5d1c.jpg,999,H&M Boys Superstretch Slim Fit Jeans,4.5719099044799805,4749,"1-2Y,2-3Y,3-4Y,4-5Y,5-6Y,6-7Y,7-8Y,8-9Y,9-10Y"
35714533,H&M,Sweatshirts,http://assets.myntassets.com/assets/images/2025/JULY/16/FyiolKTb_3340c185e0f241a0a7a60bec964a897f.jpg,1499,H&M Loose Fit Zip-Through Hoodie,4.32904577255249,12284,"XS,S,M,L,XL,XXL"
34836050,H&M,Shirts,http://assets.myntassets.com/assets/images/2025/SEPTEMBER/9/ffENYFpj_ca42bcd36b284f0880550847e8e0763a.jpg,799,H&M Cotton Shirt,4.342105388641357,38,"18-24M,2-3Y,3-4Y,4-5Y,5-6Y,6-7Y,7-8Y,8-9Y,9-10Y"
39450072,H&M,Clothing Set,http://assets.myntassets.com/assets/images/2026/JANUARY/18/2hADUUMI_62b84b6e27134afd92dc034642650a79.jpg,999,H&M 2-Piece Waffled Cotton Set,0.0,0,"0-1M,1-3M,3M,3-6M,6-9M,9-12M,12-18M,18-24M,2-3Y,3-4Y"
39650461,H&M,Sweatshirts,http://assets.myntassets.com/assets/images/2026/JANUARY/27/lzAbN2Tk_bf3ad51f54fb445f97d2f2ce1ab7c1e7.jpg,1499,H&M Short Zip-Through Hoodie,0.0,0,"XS,S,M,L,XL"
36770321,H&M,Trousers,http://assets.myntassets.com/assets/images/2026/JANUARY/9/cgiMhxgs_d96012a3357e428f962b29097cdbac62.jpg,1499,H&M Boys 2-Pack Pure Cotton Cargo Joggers,4.7164177894592285,201,"Newborn,0-3M,3M,6M,6-9M,9-12M,12-18M,18-24M,2-3Y,3-4Y"
39010393,H&M,Hair Accessory,http://assets.myntassets.com/assets/images/2025/DECEMBER/28/wwjeEczV_c537951ef21144fca10410423e642382.jpg,699,H&M 3-Pack Scrunchies,0.0,0,Onesize
37649977,H&M,Tops,http://assets.myntassets.com/assets/images/2025/OCTOBER/29/8IGvB5S8_4993757fed604865a1460bd070315066.jpg,1399,H&M 2-Pack Printed Jersey Tops,4.764705657958984,17,"18-24M,2-4Y,4-6Y,6-8Y,8-10Y"
39450153,H&M,Tshirts,http://assets.myntassets.com/assets/images/2026/FEBRUARY/4/QApHbBO7_a4ea0cabeca54323885c61b6c295c3e6.jpg,399,H&M Printed Cotton T-Shirt,0.0,0,"18-24M,2-4Y,4-6Y,6-8Y,8-10Y"
36060803,H&M,Sweatshirts,http://assets.myntassets.com/assets/images/2026/JANUARY/9/07wnmQEA_01dbc15de86b483486d5f316781756de.jpg,999,H&M Men Loose Fit Sweatshirt,4.278669357299805,6854,"XS,S,M,L,XL,XXL"
36756939,H&M,Scarves,http://assets.myntassets.com/assets/images/2026/JANUARY/9/LBbUdqvK_e3c69b09646a4ab2b03a2ed3059b1f5b.jpg,899,H&M Tasselled Scarf,4.58015251159668,131,Onesize
15193748,H&M,Sweatshirts,http://assets.myntassets.com/assets/images/2026/FEBRUARY/3/Xs2UE6Zf_801763213b38426893a0fee7b3a1834a.jpg,1499,H&M Men Black Relaxed Fit Hoodie,4.310077667236328,35604,"XS,S,M,L,XL,XXL"
37935786,H&M,Tshirts,http://assets.myntassets.com/assets/images/2025/NOVEMBER/20/yaLHgWFy_464c93b56ce542eda59b07b22b48abe6.jpg,399,H&M Printed Jersey Top,4.651162624359131,473,"18-24M,2-4Y,4-6Y,6-8Y,8-10Y"
39664157,H&M,Leggings,http://assets.myntassets.com/assets/images/2026/JANUARY/29/CDRuv6GJ_768874927bef4ceb856ac442888e2e38.jpg,999,H&M 3-Pack Cotton Jersey Leggings,0.0,0,"Early Baby,0-3M,3M,6M,6-9M,9-12M,12-18M,18-24M,2-3Y,3-4Y"
36099280,H&M,Blazers,http://assets.myntassets.com/assets/images/2025/SEPTEMBER/9/cvSrHwsB_03cb830b9d4c4b9d8dbc760e87a1f70b.jpg,2799,H&M Double-Breasted Blazer,4.391082763671875,785,"XXS,XS,S,M,L,XL"
30213562,H&M,Ties,http://assets.myntassets.com/assets/images/2025/SEPTEMBER/9/uehSA7OB_06e2216dff9a44b78537cd3b37eb5edc.jpg,799,H&M Men Satin Bow Tie,4.480391979217529,102,Onesize
36173464,H&M,Tops,http://assets.myntassets.com/assets/images/2025/SEPTEMBER/9/f1L4pvbD_85b2cadd1c854da591bbf0587ba32f96.jpg,1199,H&M Crinkled Chiffon Top,4.333333492279053,6,"18-24M,2-3Y,3-4Y,4-5Y,5-6Y,6-7Y,7-8Y,8-9Y,9-10Y"
37931903,H&M,Jeans,http://assets.myntassets.com/assets/images/2025/NOVEMBER/20/afe2SuoA_8dda1adc4c5f4516b92d83aa1cddd793.jpg,1299,H&M Wide Denim-Look Trousers,4.471264362335205,174,"18-24M,2-3Y,3-4Y,4-5Y,5-6Y,6-7Y,7-8Y,8-9Y,9-10Y"
35935695,H&M,Sweatshirts,http://assets.myntassets.com/assets/images/2025/SEPTEMBER/9/N8t39Bji_9913a4b7b14c4bb08f34dd9640c86061.jpg,999,H&M Loose Fit Sweatshirt,4.349828243255615,17197,"XS,S,M,L,XL,XXL"
39010337,H&M,Sweaters,http://assets.myntassets.com/assets/images/2025/DECEMBER/28/QC3Cnsrk_963d6ad7b1894369b8b4b10d06d19733.jpg,999,H&M Jacquard-Knit Cotton Jumper,0.0,0,"6M,6-9M,9-12M,12-18M,18-24M,2-3Y,3-4Y"
34652190,H&M,Sweatshirts,http://assets.myntassets.com/assets/images/2025/JUNE/2/U3GfJV1r_9e7985318df3446f94f3253a1d027bce.jpg,1499,H&M Zip-Through Hoodie,4.368750095367432,320,"8-10Y,10-12Y,12-14Y,14-15Y"
36174375,H&M,Night suits,http://assets.myntassets.com/assets/images/2025/SEPTEMBER/9/3yl88MI2_d170599ea16b4fa88c81d7255780ceb1.jpg,1399,H&M Jersey Pyjamas,4.148068904876709,466,"XXS,XS,S,M,L,XL"
32825977,H&M,Sweaters,http://assets.myntassets.com/assets/images/2025/FEBRUARY/18/cQaR5JIs_f124200824af48fd8162df198de1fc9f.jpg,999,H&M Fine-Knit Cardigan,4.522821426391602,241,"XXS,XS,S,M,L,XL,XXL"
39331582,H&M,Track Pants,http://assets.myntassets.com/assets/images/2026/JANUARY/11/oXLgcTw6_ccf0017de62e4ae0bab259a6e6afa0d2.jpg,999,H&M Cotton Sweatshirt Joggers,0.0,0,"8-9Y,9-10Y,10-11Y,11-12Y,12-13Y,13-14Y,14-15Y"
38272550,H&M,Trousers,http://assets.myntassets.com/assets/images/2025/DECEMBER/15/OcXP0Xbl_e972aab20fb24c10b6628c3ba9502f51.jpg,699,H&M Twill Chinos,3.884012460708618,319,"18-24M,2-3Y,3-4Y,4-5Y,5-6Y,6-7Y,7-8Y,8-9Y,9-10Y"
38305291,H&M,Candles,http://assets.myntassets.com/assets/images/2025/DECEMBER/15/kkQNz6DT_a7db649303284c70a797427b269d341c.jpg,399,H&M Scented Candle In Glass Holder,4.5217390060424805,23,Onesize
35935692,H&M,Sweatshirts,http://assets.myntassets.com/assets/images/2025/SEPTEMBER/9/WuEHquQo_61d5ef69e4314f88abaa6ad2b8de411d.jpg,999,H&M Loose Fit Sweatshirt,4.3494157791137695,17203,"XS,S,M,L,XL,XXL"
38845598,H&M,Tops,http://assets.myntassets.com/assets/images/2025/DECEMBER/21/5v8cfuR6_77245d35e85b4b6f9617ca6b5a752cc8.jpg,699,H&M Ribbed Cotton Jersey Top,4.800000190734863,5,"8-10Y,10-12Y,12-14Y,14-15Y"
38370992,H&M,Track Pants,http://assets.myntassets.com/assets/images/2025/DECEMBER/15/catZf9li_bb2580e0cbe74020bfc5a4c6685c4143.jpg,799,H&M Sweatshirt Joggers,4.0,5,"6M,6-9M,9-12M,12-18M,18-24M,2-3Y,3-4Y"
31894851,H&M,Candles,http://assets.myntassets.com/assets/images/2025/SEPTEMBER/9/8PaLh1gg_0c8a07923922449fa84e48f46a759af5.jpg,749,H&M Candle in Glass Holder 1 Wick Seder Wood Zen Solid Geometric Regular Jar Candles,4.346153736114502,26,Onesize
38845471,H&M,Sweatshirts,http://assets.myntassets.com/assets/images/2025/DECEMBER/21/vWJpeq2z_2861ffb6cf594e53b4781a5dec171829.jpg,1499,H&M Loose Fit Zip-Through Hoodie,3.791304349899292,115,"XS,S,M,L,XL,XXL"
39650350,H&M,Sweatshirts,http://assets.myntassets.com/assets/images/2026/JANUARY/27/WXbibFd2_ec00ae62f9b14809938c87321bc9c3fa.jpg,1499,H&M Short Zip-Through Hoodie,0.0,0,"XS,S,M,L,XL"
38225208,H&M,Sweatshirts,http://assets.myntassets.com/assets/images/2025/DECEMBER/15/w4MEi7d5_ec2c2f6696f94fe4aa63983fb0c3f933.jpg,1499,H&M Zip-Through Hoodie,4.232558250427246,43,"8-10Y,10-12Y,12-14Y,14-15Y"
39664256,H&M,Sweaters,http://assets.myntassets.com/assets/images/2026/JANUARY/29/9NMojbpj_2353a78396f34159ba1e283bbb1a1635.jpg,999,H&M Pointelle-Knit Cotton Cardigan,0.0,0,"18-24M,4Y,4-6Y,6-8Y,8-10Y"
39686039,H&M,Dungarees,http://assets.myntassets.com/assets/images/2026/JANUARY/29/lksiKrcZ_62d5cda0b6f64c49b3b52ffd51c51558.jpg,999,H&M Sweatshirt Dungarees,4.530120372772217,83,"Newborn,0-3M,3M,6M,6-9M,9-12M,12-18M,18-24M,2-3Y,3-4Y"
39170217,H&M,Bodysuit,http://assets.myntassets.com/assets/images/2026/JANUARY/4/koSb2J54_2ee2f716198648c1a89b0ef88de6ba40.jpg,699,H&M Jersey Thong Body,4.857142925262451,7,"XS,S,M,L,XL"
37795034,H&M,Waistcoat,http://assets.myntassets.com/assets/images/2025/NOVEMBER/20/4NwuLLr7_c77e85f07061402fae4d35f690cb2172.jpg,1499,H&M Collared Waistcoat,4.67391300201416,46,"XXS,XS,S,M,L,XL"
37677691,H&M,Candles,http://assets.myntassets.com/assets/images/2025/NOVEMBER/3/pieEvdFQ_a0aa17cb6ea6420f8ff86239cdd1f749.jpg,1699,H&M Large Scented Candle In Glass Holder,0.0,0,Onesize
12034836,H&M,Nail Polish,http://assets.myntassets.com/assets/images/2025/OCTOBER/16/zpIswk4Z_0fbb6c014d524255a78ad5310e349102.jpg,299,H&M Nail Polish - Pillow Talk,4.565064430236816,853,Onesize
35957861,H&M,Sunglasses,http://assets.myntassets.com/assets/images/2025/JULY/24/wl29hi3Z_4436af96c1d948b7926c36805739be1e.jpg,799,H&M Oval Sunglasses,4.501538276672363,650,M
11468714,H&M,Tshirts,http://assets.myntassets.com/assets/images/11468714/2025/7/25/438722c5-edef-4bf9-b416-58bdf0224b851753446336612-HM-Men-White-Solid-Cotton-Pure-Cotton-T-shirt-Regular-Fit-82-7.jpg,499,HM Men White Solid Cotton Pure Cotton T-shirt Regular Fit,4.2279133796691895,58531,"XS,S,M,L,XL,XXL"
33864785,H&M,Sunglasses,http://assets.myntassets.com/assets/images/2025/JULY/25/2HNUbudj_9ebc5f05ab674a79a6481b803228f1bb.jpg,969,H&M Women Blue Light Glasses 1274426002,4.244094371795654,127,M
33864834,H&M,Sunglasses,http://assets.myntassets.com/assets/images/2025/JULY/25/3JH5rQwm_292ce7f2435e45c59e862ee094f4305e.jpg,799,H&M Men Sunglasses 1255791001,4.161849498748779,173,M
39477622,H&M,Bath Towels,http://assets.myntassets.com/assets/images/2026/JANUARY/20/OZak3PkI_30cd53120896485c9037c96b482d9f00.jpg,999,H&M Striped Bath Towel,0.0,0,Onesize
15193740,H&M,Sweatshirts,http://assets.myntassets.com/assets/images/2026/FEBRUARY/3/OIMK6qHr_543b44756a694b679e6fc3cd180fdfaa.jpg,1499,H&M Men Grey Relaxed Fit Hoodie,4.310096740722656,35605,"XS,S,M,L,XL,XXL"
39010339,H&M,Tshirts,http://assets.myntassets.com/assets/images/2025/DECEMBER/28/DlolFcdM_86d46d1deb17432e98db0e367518d33f.jpg,799,H&M Loose-Fit Printed T-Shirt,0.0,0,"8-10Y,10-12Y,12-14Y,14-15Y"
12034920,H&M,Nail Polish,http://assets.myntassets.com/assets/images/2025/OCTOBER/16/QfC7mmHB_9ff6c2ee4ecf40699fb4dba95b666f1b.jpg,299,H&M Nail Polish- Red Carpet 8 ml,4.565167427062988,867,Onesize
37935722,H&M,Sweatshirts,http://assets.myntassets.com/assets/images/2025/NOVEMBER/20/JgLxK2wR_b40bd82faf7a400f94e3f01141868ea2.jpg,1299,H&M Printed Sweatshirt,4.679611682891846,103,"18-24M,2-4Y,4-6Y,6-8Y,8-10Y"
39477636,H&M,Sunglasses,http://assets.myntassets.com/assets/images/2026/JANUARY/20/kK491LkR_1a43b74304aa4659b5c98571bc220c74.jpg,799,H&M Aviator Sunglasses,0.0,0,M
39331532,H&M,Sweaters,http://assets.myntassets.com/assets/images/2026/JANUARY/11/B54Arkis_77e56eaf93e747828ec06257a0e7d5b5.jpg,1499,H&M Motif-Detail Jumper,0.0,0,"6M,6-9M,9-12M,12-18M,18-24M,2-3Y,3-4Y"
37935938,H&M,Track Pants,http://assets.myntassets.com/assets/images/2025/NOVEMBER/20/FjiJ8pVj_f4e3e79a1189442b968257b1383a9d61.jpg,999,H&M Wide Joggers,4.3203125,128,"XXS,XS,S,M,L,XL"
39348861,H&M,Shirts,http://assets.myntassets.com/assets/images/2026/JANUARY/13/2GaL8wzy_d486ea0b85d747e9af7de1d5695d21b6.jpg,799,H&M Printed Pure Cotton Resort Shirt,0.0,0,"18-24M,2-3Y,3-4Y,4-5Y,5-6Y,6-7Y,7-8Y,8-9Y,9-10Y"
36756073,H&M,Casual Shoes,http://assets.myntassets.com/assets/images/2025/OCTOBER/16/A12CCfgy_2d6c742962e047c994f2bfe0156cb64e.jpg,2499,H&M Loafers,4.2985076904296875,67,"2,3,4,5,6,7,8,9"
36341298,H&M,Sweatshirts,http://assets.myntassets.com/assets/images/2026/JANUARY/9/Klq33IDX_d2a60aa0e653406e9f9d07912a12b491.jpg,1499,H&M Loose Fit Hoodie,4.310086250305176,35603,"XS,S,M,L,XL,XXL"
30244455,H&M,Bath Towels,http://assets.myntassets.com/assets/images/2025/SEPTEMBER/9/cAOAY68h_ff011ad88a4048c38657c0cc79485d83.jpg,799,H&M Terry Bath Towel,4.400000095367432,50,Onesize
39348868,H&M,Shirts,http://assets.myntassets.com/assets/images/2026/JANUARY/13/Yae9Of9Y_ecce6f25ff4d4c4c9b90be74e4610118.jpg,2099,H&M Pure Cotton Relaxed Fit Twill Overshirt,4.511363506317139,88,"36,38,40,42,44,46"
34180146,H&M,Dresses,http://assets.myntassets.com/assets/images/2025/SEPTEMBER/9/0W7viaGm_3b04b1b2625c4c16bbb85299964d5338.jpg,399,H&M Patterned Cotton Dress,4.602963924407959,1957,"18-24M,2-4Y,4-6Y,6-8Y,8-10Y"
36755934,H&M,Ballerinas,http://assets.myntassets.com/assets/images/2026/JANUARY/9/dcxUND2H_c5b5f72d4c8941cba098af4c313d2da0.jpg,1599,H&M Round Toe Ballerinas,3.8684210777282715,38,"2,3,4,5,6,7,8,9"
36972523,H&M,Skirts,http://assets.myntassets.com/assets/images/2026/JANUARY/9/IWpHlBG4_ac374ffaaa174a39ab958b6924e1d07d.jpg,1399,H&M Women Pleated Skirt,4.4285712242126465,56,"24,25,26,28,30,31,33"
35714543,H&M,Sweatshirts,http://assets.myntassets.com/assets/images/2025/SEPTEMBER/9/M07crCJa_93fa3b5c047e48d9b85acbf73d8c9005.jpg,1499,H&M Loose Fit Hoodie,4.309904098510742,35582,"XS,S,M,L,XL,XXL"
33460911,H&M,Shirts,http://assets.myntassets.com/assets/images/2025/SEPTEMBER/9/GCzsbIXa_9a0bd77a058d436abdec902f334d5123.jpg,1399,H&M Regular Fit Cotton Resort Shirt,4.211538314819336,156,"36,38,40,42,44,46"
37387805,H&M,Necklace and Chains,http://assets.myntassets.com/assets/images/2025/OCTOBER/16/P8rxag2j_e73e14c9df8b4a20985e93c98509da67.jpg,399,H&M Heart-Pendant Necklace,4.476635456085205,107,Onesize
36409919,H&M,Sweaters,http://assets.myntassets.com/assets/images/2025/SEPTEMBER/9/zIpEuo5A_333262da54e04300966b6dbb225796b2.jpg,1399,H&M Women Frill-trimmed cardigan,4.467479705810547,246,"XXS,XS,S,M,L,XL"
39664217,H&M,Sweatshirts,http://assets.myntassets.com/assets/images/2026/JANUARY/29/eIVf686a_6625207bf27c4b4cac8d1c6043b37bf7.jpg,1499,H&M Short zip-through hoodie,0.0,0,"XS,S,M,L,XL"
37656025,H&M,Pendant,http://assets.myntassets.com/assets/images/2025/NOVEMBER/3/fzw0uW7F_741673c71af24a158dadea3e66f15a7a.jpg,699,H&M Bow-Pendant Necklace,4.400000095367432,5,Onesize
39480174,H&M,Tops,http://assets.myntassets.com/assets/images/2026/JANUARY/20/MKbo53kD_00be3bc17fe649b5be4e1c20d1ec34f3.jpg,399,H&M Printed Flutter-Sleeved Top,0.0,0,"18-24M,2-4Y,4-6Y,6-8Y,8-10Y"
30154321,H&M,Sweatshirts,http://assets.myntassets.com/assets/images/2025/SEPTEMBER/9/rvhoN1I3_28e33216b94c498cb8873520f6788252.jpg,1499,H&M Oversized Sweatshirts,4.226537227630615,309,"XXS,XS,S,M,L,XL"
38635317,H&M,Scarves,http://assets.myntassets.com/assets/images/2025/DECEMBER/14/hTfYz2y4_e8f3397ccbc6496484ac65b42a016024.jpg,799,H&M Patterned Scarf,4.5789475440979,19,Onesize
27427484,H&M,Tshirts,http://assets.myntassets.com/assets/images/2025/SEPTEMBER/9/rNvZOFJG_caa4907a66354ac5abe884f32aec2382.jpg,499,H&M Fitted T-shirt,4.352336883544922,1947,"XXS,XS,S,M,L,XL"
37163784,H&M,Sweatshirts,http://assets.myntassets.com/assets/images/2025/OCTOBER/16/LvnAXbCQ_18e951dc839c485a835ad29eca577962.jpg,1699,H&M Girls Typography Printed Hooded Long Sleeves Cotton Pullover Sweatshirts,4.735294342041016,34,"8-10Y,10-12Y,12-14Y,14-15Y"
39010501,H&M,Sweaters,http://assets.myntassets.com/assets/images/2025/DECEMBER/28/iTJkaKjC_e1c422bfcb74414191780c01487341fa.jpg,999,H&M Fine-Knit Sweater Vest,4.333333492279053,27,"XXS,XS,S,M,L,XL"
37776569,H&M,Trousers,http://assets.myntassets.com/assets/images/2025/NOVEMBER/20/RpoynFx4_d4ee43e1ce0f429bacbb891937584435.jpg,1499,H&M Flared Tailored Trousers,4.070967674255371,155,"25,26,27,28,30,32,33,35"
33864937,H&M,Sunglasses,http://assets.myntassets.com/assets/images/2025/APRIL/30/BoEbXXeu_937a5759509f415a96359f6978a8cbde.jpg,799,H&M Oval Sunglasses 1274378001,4.506933689117432,649,M
35495880,H&M,Shirts,http://assets.myntassets.com/assets/images/2025/SEPTEMBER/9/GfJrQzdk_4847c14a6f224acd83a749fa0f8ff2c1.jpg,1799,H&M Loose Fit Poplin Shirt,4.267326831817627,404,"36,38,40,42,44,46"
34834435,H&M,Night suits,http://assets.myntassets.com/assets/images/2025/SEPTEMBER/9/caCBlxzh_84fa6a6015024dd8bc45226b7eb6e4fb.jpg,1399,H&M Modal-Blend Pyjamas,4.747126579284668,87,"XXS,XS,S,M,L,XL"
37935811,H&M,Sweatshirts,http://assets.myntassets.com/assets/images/2025/NOVEMBER/20/xRzShtRp_843171f942a6445bbff90c46628dd4ce.jpg,1499,H&M Hoodie,4.35960578918457,1218,"XS,S,M,L,XL"
38225304,H&M,Sweaters,http://assets.myntassets.com/assets/images/2025/DECEMBER/15/h30gib9k_e4e02f27e8924e77b0e9885c10f35635.jpg,1499,H&M Fine-Knit Polo Shirt,4.823529243469238,17,"18-24M,4Y,4-6Y,6-8Y,8-10Y"
38467001,H&M,Tshirts,http://assets.myntassets.com/assets/images/2025/DECEMBER/15/nbpXdDR4_76d9b475a8934caeabb25e7036e32e54.jpg,499,H&M Printed Cotton T-shirt,4.800000190734863,5,"18-24M,2-4Y,4-6Y,6-8Y,8-10Y"
39348865,H&M,Shirts,http://assets.myntassets.com/assets/images/2026/JANUARY/13/jWaBZTJr_9f682645deaa478b9d25b4ed465255a4.jpg,2299,H&M Pure Cotton Regular Fit Seersucker Shirt,3.7142856121063232,14,"36,38,40,42,44,46"
39348733,H&M,Trousers,http://assets.myntassets.com/assets/images/2026/JANUARY/13/Bq0Rnpx7_bd6ea8203c714fa3a7dd1987911f67c6.jpg,999,H&M Cotton Twill Joggers,0.0,0,"18-24M,2-3Y,3-4Y,4-5Y,5-6Y,6-7Y,7-8Y,8-9Y,9-10Y"
37339553,H&M,Tops,http://assets.myntassets.com/assets/images/2025/OCTOBER/16/YZYggbpE_863c4a23bcae456d9780e3c35ab3f690.jpg,999,H&M Draped Jersey Top,4.36686372756958,169,"XXS,XS,S,M,L,XL"
34218463,H&M,Shorts,http://assets.myntassets.com/assets/images/2025/SEPTEMBER/9/ocY556Zb_1cdcc6157d734f78b109cd7dd6710fe7.jpg,699,H&M Printed Sweatshorts,4.668539524078369,178,"18-24M,2-3Y,3-4Y,4-5Y,5-6Y,6-7Y,7-8Y,8-9Y,9-10Y"
33999212,H&M,Hair Accessory,http://assets.myntassets.com/assets/images/2025/SEPTEMBER/9/NVDcyl8P_4d38b2eaf8224b18a2ee7c365fc042fd.jpg,479,H&M Large Scrunchie,4.583333492279053,24,Onesize
36777948,H&M,Sweatshirts,http://assets.myntassets.com/assets/images/2026/JANUARY/9/nHd0J94m_96de04362d3e4f7fbd37417a460bc336.jpg,1799,H&M Girls Zip-Through Sports Hoodie,0.0,0,"4-6Y,6-8Y,8-10Y,10-12Y,12-14Y,14-15Y"
34137925,H&M,Flats,http://assets.myntassets.com/assets/images/2025/SEPTEMBER/9/6VW7VsG0_aa265206534749e3ad0253e3f4cfbf25.jpg,1599,H&M Crossover-Strap Sandals,4.607812404632568,640,"2,3,4,5,6,7,8,9"
39224567,H&M,Jeans,http://assets.myntassets.com/assets/images/2026/JANUARY/7/tM7FObw2_6a422c000fc941e88af068cf5668600b.jpg,1499,H&M Wide Leg paper bag jeans,0.0,0,"18-24M,2-3Y,3-4Y,4-5Y,5-6Y,6-7Y,7-8Y,8-9Y,9-10Y"
33105867,H&M,Tshirts,http://assets.myntassets.com/assets/images/2025/SEPTEMBER/9/1aEffCak_e9ea57a77dfe4502a002a54f13ca6813.jpg,799,H&M Infant Boys 2-Pack Cotton T-Shirts,4.550295829772949,507,"3-6M,6-9M,9-12M,12-18M,18-24M,2-3Y,3-4Y"
37776401,H&M,Tshirts,http://assets.myntassets.com/assets/images/2025/NOVEMBER/20/KZkHd8HN_e556d0f203bc459586a864f57afc42bb.jpg,499,H&M Layered-Look T-Shirt,4.187214374542236,219,"XXS,XS,S,M,L,XL"
37935797,H&M,Tshirts,http://assets.myntassets.com/assets/images/2025/NOVEMBER/20/hYhlm0IR_a2a46d7df4a542a28f57b912b69fcdca.jpg,799,H&M Oversized Printed T-Shirt,4.681818008422852,176,"18-24M,2-4Y,4-6Y,6-8Y,8-10Y"
30155227,H&M,Bodysuit,http://assets.myntassets.com/assets/images/2025/SEPTEMBER/10/AUtWYbeZ_2616776f40d54c138fd650d8d796c4e4.jpg,1499,H&M Stretchy & Sculpting Firm Shape Thong Body,4.462264060974121,212,"XS,S,M,L"
37935937,H&M,Clothing Set,http://assets.myntassets.com/assets/images/2025/NOVEMBER/20/26G5dvmX_b17d0977c52847e59deb58d3a55b3589.jpg,999,H&M Ribbed Cotton Set,4.601265907287598,158,"Newborn,0-3M,3M,6M,6-9M,9-12M,12-18M,18-24M,2-3Y,3-4Y"
36756070,H&M,Casual Shoes,http://assets.myntassets.com/assets/images/2026/JANUARY/9/a1pUJvOs_540a28edd44e44cbb9c11817273ab3ec.jpg,2399,H&M Chunky Loafers,4.355971813201904,427,"2,3,4,5,6,7,8,9"
39170115,H&M,Sweaters,http://assets.myntassets.com/assets/images/2026/JANUARY/4/RcFzLE5w_d14ddc20e45941ecb2bca6efcf0d7129.jpg,1499,H&M Sleeveless Linen-Blend Shirt,4.098039150238037,51,"XXS,XS,S,M,L,XL"
38304985,H&M,Sweatshirts,http://assets.myntassets.com/assets/images/2025/DECEMBER/15/MBM3AK2U_5e2dee57147d44549c80e93836a53120.jpg,799,H&M Printed Sweatshirt,4.557376861572266,61,"6M,6-9M,9-12M,12-18M,18-24M,2-3Y,3-4Y"
38304989,H&M,Sweatshirts,http://assets.myntassets.com/assets/images/2025/DECEMBER/15/WyLgFodP_6201c3609aed43ea8a06d131e87af91d.jpg,799,H&M Printed Sweatshirt,4.958333492279053,24,"6M,6-9M,9-12M,12-18M,18-24M,2-3Y,3-4Y"
39010255,H&M,Tshirts,http://assets.myntassets.com/assets/images/2025/DECEMBER/28/FuVOAco2_811cc2ed6ba94dfdbdc571c0a27fdc45.jpg,399,H&M Cotton T-Shirt,0.0,0,"18-24M,2-4Y,4-6Y,6-8Y,8-10Y"
39331564,H&M,Sweatshirts,http://assets.myntassets.com/assets/images/2026/JANUARY/11/GffMHeif_6f84905f9345442bba9d829d08d367b1.jpg,1499,H&M Oversized Print-Motif Sweatshirt,0.0,0,"8-10Y,10-12Y,12-14Y,14-15Y"
38295191,H&M,Jeans,http://assets.myntassets.com/assets/images/2025/DECEMBER/15/kmNJi0Gt_124ca46de7054f9a8e42659ece547b37.jpg,1499,H&M Superstretch Wide Leg Jeans,5.0,21,"18-24M,2-3Y,3-4Y,4-5Y,5-6Y,6-7Y,7-8Y,8-9Y,9-10Y"
30144904,H&M,Planters,http://assets.myntassets.com/assets/images/2025/SEPTEMBER/9/hCFIfTOC_c212528de3954dc1b930bc1c9b51962d.jpg,1699,H&M White Extra-Large Terracotta Plant Pot,4.55555534362793,9,Onesize
36886375,H&M,Trousers,http://assets.myntassets.com/assets/images/2026/JANUARY/9/zrnpwmSe_b44df6390937434f990d574f888ca9cd.jpg,1699,H&M Women Checked Loose Fit Easy Wash Pull-On Trousers,4.681818008422852,22,"26,28,30,32,34,36"
37935820,H&M,Sweatshirts,http://assets.myntassets.com/assets/images/2025/NOVEMBER/20/u6HnnIL6_c37ba3dd72d94b0bbc53683c1d81940b.jpg,799,H&M Oversized Brushed-Inside Sweatshirt,4.7230048179626465,213,"18-24M,2-4Y,4-6Y,6-8Y,8-10Y"
37936080,H&M,Sweatshirts,http://assets.myntassets.com/assets/images/2025/NOVEMBER/20/xYOM2ovC_b98bec853121469898dab9a0460c82b5.jpg,1499,H&M Printed Sweatshirt,4.55555534362793,18,"4-6Y,6-8Y,8-10Y"
12034828,H&M,Nail Polish,http://assets.myntassets.com/assets/images/2025/OCTOBER/16/RAulH00U_ebe78e144162445dbb87de9aefadbb31.jpg,299,H&M Nail Polish - Masala Chai,4.576589584350586,692,Onesize
36368605,H&M,Clothing Set,http://assets.myntassets.com/assets/images/2025/AUGUST/12/xc85LlCe_1e52385759ec444dac0d11004b5ac4dd.jpg,1199,H&M Girls 2-Piece Printed Set,4.777777671813965,27,"18-24M,2-3Y,3-4Y,4-5Y,5-6Y,6-7Y,7-8Y,8-9Y,9-10Y"
38420279,H&M,Tshirts,http://assets.myntassets.com/assets/images/2025/DECEMBER/15/AnrPYYUf_ae3a4171fb3d49ff89f435dd1b5600f9.jpg,799,H&M Motif-Detail T-Shirt,0.0,0,"18-24M,2-4Y,4-6Y,6-8Y,8-10Y"
39010377,H&M,Sweaters,http://assets.myntassets.com/assets/images/2025/DECEMBER/28/MpsYJU5e_aed11c5ee8e347cf857dac88824b4041.jpg,999,H&M Fine-Knit Sweater Vest,4.307692527770996,26,"XXS,XS,S,M,L,XL"
32565070,H&M,Jackets,http://assets.myntassets.com/assets/images/2025/SEPTEMBER/9/1RBVbm5i_1bfd34b66db24370bd80f16e0f29b67c.jpg,1399,H&M Denim Jacket,4.805687427520752,211,"6M,6-9M,9-12M,12-18M,18-24M,2-3Y,3-4Y"
39170019,H&M,Tshirts,http://assets.myntassets.com/assets/images/2026/JANUARY/4/avU6NwCh_e0c24b8e4cf34dbb8dd59975e500be88.jpg,799,H&M Loose-Fit Printed T-shirt,0.0,0,"18-24M,2-4Y,4-6Y,6-8Y,8-10Y"
35935694,H&M,Sweatshirts,http://assets.myntassets.com/assets/images/2025/SEPTEMBER/9/xyLU8cDA_1ac4ed6c01f44713a68bc12024cda33e.jpg,999,H&M Loose Fit Sweatshirt,4.393782615661621,1351,"XS,S,M,L,XL,XXL"
39331633,H&M,Jackets,http://assets.myntassets.com/assets/images/2026/JANUARY/11/XTk8q2YK_9d8f840e704b4db084ffb405bb3afd65.jpg,2299,H&M Water-Repellent Shell Jacket,0.0,0,"8-9Y,9-10Y,10-11Y,11-12Y,12-13Y,13-14Y,14-15Y"
38225275,H&M,Sweaters,http://assets.myntassets.com/assets/images/2025/DECEMBER/15/x1kYzyoI_da73ee9b6b3b4ca3b75545b51b7cfa23.jpg,1499,H&M Fine-Knit Polo Shirt,4.8125,16,"18-24M,4Y,4-6Y,6-8Y,8-10Y"
39331455,H&M,Sweatshirts,http://assets.myntassets.com/assets/images/2026/JANUARY/11/gM75rUtH_3030497e31eb449fa8fc470395e579f9.jpg,1299,H&M Rugby Shirt,0.0,0,"18-24M,2-4Y,4-6Y,6-8Y,8-10Y"
36777944,H&M,Skirts,http://assets.myntassets.com/assets/images/2026/JANUARY/9/qjBUPgqQ_c48cbacb7f824c75b54dcb8013823d15.jpg,999,H&M Girls Pliss Tulle Skirt,4.519999980926514,25,"6M,6-9M,9-12M,12-18M,18-24M,2-3Y,3-4Y"
37746673,H&M,Sweatshirts,http://assets.myntassets.com/assets/images/2025/NOVEMBER/20/zljLXoQC_17018c89ed8c4af59c859842a4e7d5e7.jpg,1999,H&M Women Rugby Shirt,4.251908302307129,131,"XXS,XS,S,M,L,XL"
38845487,H&M,Sweatshirts,http://assets.myntassets.com/assets/images/2025/DECEMBER/21/yUpFYcsz_870a21d7c84348cf86d6c1aa4d30d814.jpg,1299,H&M Oversized Printed Sweatshirt,4.840909004211426,44,"8-10Y,10-12Y,12-14Y,14-15Y"
38224815,H&M,Tshirts,http://assets.myntassets.com/assets/images/2025/DECEMBER/15/GDhnxS7n_a92cb7741d3044aea74e1f89a2dd91d4.jpg,699,H&M Print-Motif Cotton T-Shirt,4.6875,16,"18-24M,2-4Y,4-6Y,6-8Y,8-10Y"
38851917,H&M,Trousers,http://assets.myntassets.com/assets/images/2025/DECEMBER/22/8P90SCJb_32040d0914e84f089a95ac90e9d0bb0e.jpg,1299,H&M Linen-Blend Trousers,0.0,0,"18-24M,2-3Y,3-4Y,4-5Y,5-6Y,6-7Y,7-8Y,8-9Y,9-10Y"
38226095,H&M,Pillow Covers,http://assets.myntassets.com/assets/images/2025/DECEMBER/15/HYZn6I1N_50e0a5b70d5c410e9848ac457b765f7f.jpg,499,H&M Brown Pure Cotton Pillowcase,0.0,0,Onesize
38851926,H&M,Track Pants,http://assets.myntassets.com/assets/images/2025/DECEMBER/22/Vyp1k8OZ_7cdf33f637a746c3a04e4e0028c5eed2.jpg,999,H&M Sweatpants,4.291666507720947,48,"26,28,31,34,39"
37935715,H&M,Sweatshirts,http://assets.myntassets.com/assets/images/2025/NOVEMBER/20/VLkLpr5t_545e37b1b30a43b09e086eb3bb687666.jpg,799,H&M Oversized Brushed-Inside Sweatshirt,4.72169828414917,212,"18-24M,2-4Y,4-6Y,6-8Y,8-10Y"
35737844,H&M,Sweatshirts,http://assets.myntassets.com/assets/images/2025/JULY/17/8DDtAtny_0d9177b52a164cbaaba9009551898752.jpg,1499,H&M Loose Fit Hoodie,4.3100457191467285,35598,"XS,S,M,L,XL,XXL"
39348789,H&M,Dresses,http://assets.myntassets.com/assets/images/2026/JANUARY/13/6blyb0ln_ddee34bec0324cd8a18923ae0f95cf48.jpg,399,H&M Printed Cotton Dress,5.0,6,"6M,6-9M,9-12M,12-18M,18-24M,2-3Y,3-4Y"
33101928,H&M,Trousers,http://assets.myntassets.com/assets/images/2025/SEPTEMBER/9/D4wOJk46_f2dd4d90bc424c408f87303ecfbec6d7.jpg,999,H&M Sweatpants,4.401408672332764,284,"23,26,29,32,36,41"
38572615,H&M,Tops,http://assets.myntassets.com/assets/images/2025/DECEMBER/11/rfcs99Y2_27ceacf13b1c46949587b434f445bfd1.jpg,999,H&M Draped Viscose Top,4.448276042938232,29,"XXS,XS,S,M,L,XL"
38304913,H&M,Sweatshirts,http://assets.myntassets.com/assets/images/2025/DECEMBER/15/vj12cZdo_0a5dbbac56604e0681beec3e9d355f7b.jpg,1299,H&M Motif-Detail Sweatshirt,0.0,0,"18-24M,2-4Y,4-6Y,6-8Y,8-10Y"
36098819,H&M,Waistcoat,http://assets.myntassets.com/assets/images/2025/SEPTEMBER/16/9iUS7wcf_46ee3c6c2b1e44a8a783f047694c02a8.jpg,1199,H&M Cropped Jersey Waistcoat,4.375,232,"XXS,XS,S,M,L,XL"
38845438,H&M,Sweatshirts,http://assets.myntassets.com/assets/images/2025/DECEMBER/21/zmaxcphV_1aa073b5be6f4a68bad3797440ac81a9.jpg,999,H&M Frill-Detail Sweatshirt,4.833333492279053,6,"6M,6-9M,9-12M,12-18M,18-24M,2-3Y,3-4Y"
39685972,H&M,Trousers,http://assets.myntassets.com/assets/images/2026/JANUARY/29/ZyZfpvDU_2eb9084643c348ea8b5ccb23bd280a44.jpg,1499,H&M Bootcut Ponte di Roma trousers,0.0,0,"26,28,31,34,39"
39170155,H&M,Tops,http://assets.myntassets.com/assets/images/2026/JANUARY/4/levl2QHl_aded56d6ab604a11a1fad580f839016d.jpg,999,H&M Oversized Jersey Top,3.769230842590332,13,"XS,S,M,L,XL"
37677749,H&M,Shirts,http://assets.myntassets.com/assets/images/2025/NOVEMBER/3/fnLnzSK8_29bf9583bf4b45a99f54b26eb057c5b9.jpg,1499,H&M Regular Fit Oxford Shirt,4.479656219482422,6169,"36,38,40,42,44,46"
39350747,H&M,Tshirts,http://assets.myntassets.com/assets/images/2026/JANUARY/13/JkPnbP0g_a9b74992a2af40abaf7bc45947f600d8.jpg,399,H&M Printed Cotton T-Shirt,4.684210300445557,114,"18-24M,2-4Y,4-6Y,6-8Y,8-10Y"
39170020,H&M,Sweatshirts,http://assets.myntassets.com/assets/images/2026/JANUARY/4/FtA4JQkd_3f26afd0d3374713b721cb855dad1823.jpg,1499,H&M Cropped Zip-Through Sweatshirt,4.0,9,"XS,S,M,L"
38845389,H&M,Dresses,http://assets.myntassets.com/assets/images/2025/DECEMBER/21/QoitYMBn_c56ae310707e46f6afb28549ec481c35.jpg,1499,H&M Draped Halterneck Dress,4.468085289001465,47,"XXS,XS,S,M,L,XL"
38420324,H&M,Sweatshirts,http://assets.myntassets.com/assets/images/2025/DECEMBER/15/ztfdSMzv_61d490abae6f40c3a93023922eb35976.jpg,1499,H&M Oversized Sweatshirt,4.0,60,"XS,S,M,L,XL"
12034978,H&M,Nail Polish,http://assets.myntassets.com/assets/images/2025/OCTOBER/16/oXEY7KHa_717d523893e24249875c55c1d4004139.jpg,299,H&M Pink Roserie Nail Polish,4.56601619720459,871,Onesize
38370998,H&M,Track Pants,http://assets.myntassets.com/assets/images/2025/DECEMBER/15/XBTGACG8_ad2fede328d5427cab0bb205ae49e2f0.jpg,799,H&M Sweatshirt Joggers,4.0,13,"6M,6-9M,9-12M,12-18M,18-24M,2-3Y,3-4Y"
34168100,H&M,Sunglasses,http://assets.myntassets.com/assets/images/2025/MAY/16/gAuBHM9Y_82a87cdc6cd241d987dd23759c43449a.jpg,1299,H&M Blue Light Glasses,3.7142856121063232,28,M
36770044,H&M,Trousers,http://assets.myntassets.com/assets/images/2025/SEPTEMBER/4/84uUehuC_19a65c6b690b44788c7e600f813da402.jpg,999,H&M Women Foldover-Waist Cotton Trousers,4.636363506317139,297,"28,30,32,34,36,44"
39169962,H&M,Tshirts,http://assets.myntassets.com/assets/images/2026/JANUARY/4/Ym5ogELj_f5c04e93124a4b85b843df2c08a77e6a.jpg,399,H&M Printed Cotton T-shirt,4.666666507720947,6,"3-6M,6-9M,9-12M,12-18M,18-24M,2-3Y,3-4Y"
28176646,H&M,Tops,http://assets.myntassets.com/assets/images/28176646/2024/3/11/90ab4d9f-d162-4037-92d7-c8c1eb68bb581710141844653Microfibrestrappytop1.jpg,799,H&M Microfibre Strappy Top,4.461538314819336,234,"XS,S,M,L,XL"
33998990,H&M,Tshirts,http://assets.myntassets.com/assets/images/2025/SEPTEMBER/9/WW9dBdpE_03fbc26e129c4a53a503d4a8ae834764.jpg,999,H&M Printed Cotton T-Shirt,4.525000095367432,200,"8-10Y,10-12Y,12-14Y,14-15Y"
39169942,H&M,Dresses,http://assets.myntassets.com/assets/images/2026/JANUARY/4/ZuIPHPdy_7e0cb054897d4e279b748f61d3b0d95f.jpg,699,H&M Cotton Jersey Dress,0.0,0,"18-24M,2-4Y,4-6Y,6-8Y,8-10Y"
39705586,H&M,Dresses,http://assets.myntassets.com/assets/images/2026/JANUARY/30/vPcwZPhG_8d83de6085694f5f93cc917539f4edb6.jpg,399,H&M Cotton Dress,0.0,0,"6M,6-9M,9-12M,12-18M,18-24M,2-3Y,3-4Y"
39664510,H&M,Bra,http://assets.myntassets.com/assets/images/2026/JANUARY/29/A4XYuwub_14ac642dff3b481980285b369eaef730.jpg,799,H&M 2-Pack V-neck Crop Tops,0.0,0,"8-10Y,10-12Y,12-14Y,14-15Y"
33638130,H&M,Tops,http://assets.myntassets.com/assets/images/2025/APRIL/16/cHTxcQKq_29440c3b3ea440e8bc618b1b0a949b16.jpg,799,H&M Embroidered-Motif Vest Top,4.800000190734863,20,"18-24M,2-4Y,4-6Y,6-8Y,8-10Y"
38272566,H&M,Trousers,http://assets.myntassets.com/assets/images/2025/DECEMBER/15/hC4lDvUO_1a47fd367fb647248ad37c478c9aa667.jpg,1499,H&M Flared Trousers,4.3373494148254395,166,"25,26,28,31,34,39"
36098846,H&M,Waistcoat,http://assets.myntassets.com/assets/images/2025/SEPTEMBER/9/wtDn7HWR_088c7392ae3c4a53be0efc6df51766a4.jpg,999,H&M Textured Jersey Waistcoat,4.270270347595215,74,"XXS,XS,S,M,L,XL"
38304789,H&M,Sweatshirts,http://assets.myntassets.com/assets/images/2025/DECEMBER/15/bJVKpoG0_8249a65f28134b4ea8cef44dd8ec5a29.jpg,1299,H&M Motif-Detail Sweatshirt,4.25,8,"6M,6-9M,9-12M,12-18M,18-24M,2-3Y,3-4Y"
21187236,H&M,Leggings,http://assets.myntassets.com/assets/images/2025/SEPTEMBER/9/1tZRTr8i_77deb1c4ee65488d80200134dea4bf78.jpg,799,H&M Girls 2-pack leggings,4.613034725189209,491,"3-4Y,4-5Y,5-6Y,6-7Y,7-8Y,8-9Y,9-10Y"
34836125,H&M,Tshirts,http://assets.myntassets.com/assets/images/2025/SEPTEMBER/9/MVUwoxbh_8d9417300acc40d69e772e54374b6c3f.jpg,999,H&M Girls Oversized Printed T-Shirt,4.104166507720947,48,"8-10Y,10-12Y,12-14Y,14-15Y"
38224723,H&M,Dresses,http://assets.myntassets.com/assets/images/2025/DECEMBER/15/5EpX8RpC_c7dccca5483343d6a0109db31793885b.jpg,599,H&M Printed Cotton Dress,4.909090995788574,22,"18-24M,2-4Y,4-6Y,6-8Y,8-10Y"
39664138,H&M,Clothing Set,http://assets.myntassets.com/assets/images/2026/JANUARY/29/rpBysnHb_32c9cc71ef314071a4be2151162c66a8.jpg,999,H&M 2-Piece Set,0.0,0,"6M,6-9M,9-12M,12-18M,18-24M,2-3Y,3-4Y"
34652214,H&M,Sweaters,http://assets.myntassets.com/assets/images/2025/SEPTEMBER/9/Hsla0uky_346d796e52824eb4b13b7f848f346ede.jpg,1199,H&M Scuba Cardigan,0.0,0,"Newborn,Early Baby,3M,6M"
15242860,H&M,Sweatshirts,http://assets.myntassets.com/assets/images/2025/SEPTEMBER/9/lNTm0adj_d161b88916604f3a82d06b6626b7563e.jpg,1299,H&M Girls White & Blue 3-Pack Jersey Tops,4.607842922210693,102,"18-24M,2-4Y,4-6Y,6-8Y,8-10Y"
35958280,H&M,Tshirts,http://assets.myntassets.com/assets/images/2025/SEPTEMBER/9/o76jBLe6_8c910718fa094fe49ffa32124c5dd6ac.jpg,699,H&M Cotton T-Shirt,4.24305534362793,144,"XXS,XS,S,M,L,XL"
36964789,H&M,Tshirts,http://assets.myntassets.com/assets/images/2025/SEPTEMBER/15/qU0PIoaa_d70323aab8b44147927591c04de0739b.jpg,699,H&M Women White Cotton T-shirt,4.34277868270874,1094,"XXS,XS,S,M,L,XL"
38225373,H&M,Jackets,http://assets.myntassets.com/assets/images/2025/DECEMBER/15/N0x9Avlx_bf0ee410416a4b3fbb91e637e1a29446.jpg,1899,H&M Oversized Jersey Jacket,4.2892560958862305,121,"XXS,XS,S,M,L,XL"
35737985,H&M,Sweatshirts,http://assets.myntassets.com/assets/images/2025/SEPTEMBER/24/5Gdmh3V1_833d305914e84fe08f7f76960d5ca49a.jpg,1499,H&M Loose Fit Hoodie,4.310064792633057,35599,"XS,S,M,L,XL,XXL"
38336451,H&M,Dresses,http://assets.myntassets.com/assets/images/2025/DECEMBER/15/cyHGTsnH_3ebd47303fad4e2dbf5d8a4fcfa0bde0.jpg,699,H&M Printed Cotton Dress,4.454545497894287,11,"18-24M,2-4Y,4-6Y,6-8Y,8-10Y"
38371114,H&M,Tops,http://assets.myntassets.com/assets/images/2025/DECEMBER/15/fywO4c6g_c98f48e3dc4948e6988bd6afebf3f7a2.jpg,599,H&M Long-Sleeved Top,4.028571605682373,35,"8-10Y,10-12Y,12-14Y,14-15Y"
35958005,H&M,Lounge Shorts,http://assets.myntassets.com/assets/images/2025/SEPTEMBER/9/8UF6hElt_3333f2723d804a31b14cbe943db1694f.jpg,999,H&M Velour Shorts,4.283019065856934,53,"XS,S,M,L,XL"
33435308,H&M,Tshirts,http://assets.myntassets.com/assets/images/2025/SEPTEMBER/9/UAyR044Z_05171695325346b786ea34f2780efe0b.jpg,399,H&M Cotton T-shirt,4.377279758453369,2632,"8-10Y,10-12Y,12-14Y,14-15Y"
35495960,H&M,Skirts,http://assets.myntassets.com/assets/images/2025/SEPTEMBER/9/vs0PT6hP_92e62f6a4daf4d1da7db1015ef34653d.jpg,1399,H&M Balloon Skirt,4.866666793823242,15,"18-24M,2-4Y,4-6Y,6-8Y,8-10Y"
39331404,H&M,Tshirts,http://assets.myntassets.com/assets/images/2026/JANUARY/11/gdNQWKry_2fab6708ee3b4ed89389008b0382b9bc.jpg,699,H&M Fitted Cotton T-Shirt,0.0,0,"XXS,XS,S,M,L,XL"
31910747,H&M,Tshirts,http://assets.myntassets.com/assets/images/2025/SEPTEMBER/9/0ZbiOpES_017ef9670bf44cda9174a3b451232db2.jpg,499,H&M Regular Fit Round-Neck T-Shirt,4.227933883666992,58517,"XS,S,M,L,XL,XXL"
38371119,H&M,Tops,http://assets.myntassets.com/assets/images/2025/DECEMBER/15/7pR0YQg2_a3ca93c328e84148bd207fb7f0a735b3.jpg,599,H&M Girls Long-Sleeved Top,4.028571605682373,35,"8-10Y,10-12Y,12-14Y,14-15Y"
35140952,H&M,Dresses,http://assets.myntassets.com/assets/images/2025/SEPTEMBER/9/8Nvpqhqy_58024c0ae0b7414991ce63155de35cd5.jpg,799,H&M Draped Mesh Dress,4.406416893005371,187,"XXS,XS,S,M,L,XL"
30760707,H&M,Ties,http://assets.myntassets.com/assets/images/2025/SEPTEMBER/9/AJcY8a8S_398790c4587a418c8c31165eac25985d.jpg,799,H&M Men Skinny Ties,4.55555534362793,18,Onesize
39664251,H&M,Sweatshirts,http://assets.myntassets.com/assets/images/2026/JANUARY/29/kLweW7sZ_e06ebdd408ad4f19b2b99a4726624b0d.jpg,799,H&M Oversized Brushed-Inside Sweatshirt,0.0,0,"18-24M,2-4Y,4-6Y,6-8Y,8-10Y"
32494531,H&M,Tops,http://assets.myntassets.com/assets/images/2025/SEPTEMBER/9/afxYbbXo_00795a5226ba4fe39e8deddba0afe2c7.jpg,799,H&M 2-Pack Cotton Strappy Tops,4.487179279327393,39,"10-12Y,12-14Y,14-15Y"
39650362,H&M,Tshirts,http://assets.myntassets.com/assets/images/2026/JANUARY/27/AbV7A2sj_45eba67e23994c2da42c04901979e894.jpg,599,H&M Cotton Piqu Polo  Tshirts,0.0,0,"3-6M,6-9M,9-12M,12-18M,18-24M,2-3Y,3-4Y"
37935708,H&M,Sweatshirts,http://assets.myntassets.com/assets/images/2025/NOVEMBER/20/Uu1ruI1T_c9253eee244648b98769d2ef2c684e16.jpg,999,H&M Loose Fit Sweatshirt,4.13223123550415,484,"XS,S,M,L,XL,XXL"
32494684,H&M,Track Pants,http://assets.myntassets.com/assets/images/2025/JANUARY/27/VDP7a1DM_cc6ca06b9f2b4633877370dd0df5736f.jpg,799,H&M Brushed-Inside Joggers,4.69983434677124,603,"18-24M,2-3Y,3-4Y,4-5Y,5-6Y,6-7Y,7-8Y,8-9Y"
39450259,H&M,Tshirts,http://assets.myntassets.com/assets/images/2026/JANUARY/18/gzio43Z4_a29ad8449997447783872853be418969.jpg,699,H&M Waisted Interlock T-Shirt,4.857142925262451,7,"XS,S,M,L,XL"
34220989,H&M,Tshirts,http://assets.myntassets.com/assets/images/2025/JULY/25/z5PyTkOi_6463e435ef73477c8b2fe0e8fde287f2.jpg,799,H&M Loose Fit Printed T-shirt,4.410702705383301,4541,"XS,S,M,L,XL,XXL"
39224481,H&M,Jeans,http://assets.myntassets.com/assets/images/2026/JANUARY/7/trU3hEFK_f8efc88be4564279a9a5ca82ae21495a.jpg,999,H&M Superstretch Slim Fit Jeans,0.0,0,"18-24M,2-3Y,3-4Y,4-5Y,5-6Y,6-7Y,7-8Y,8-9Y,9-10Y"
37138334,H&M,Tshirts,http://assets.myntassets.com/assets/images/2025/OCTOBER/16/RGtGBAux_2bc08d2c71e74d018d955ef1121ddc5f.jpg,499,H&M Cropped T-shirt,4.421568393707275,408,"XXS,XS,S,M,L,XL"
39170033,H&M,Tshirts,http://assets.myntassets.com/assets/images/2026/JANUARY/27/O21VktiA_97df726c532e46c5b2acbb8962a6f750.jpg,799,H&M 2-Pack Long-Sleeved Jersey Tops,0.0,0,"3M,3-6M,6-9M,9-12M,12-18M,18-24M,2-3Y,3-4Y"
35957852,H&M,Trousers,http://assets.myntassets.com/assets/images/2025/SEPTEMBER/9/JvbZUyKn_d5c7ac9739574fe1a37a7bb39cb71acf.jpg,2099,H&M Belted Tailored Trousers,4.477386951446533,199,"25,26,27,28,30,32,33,35"
38225244,H&M,Sweaters,http://assets.myntassets.com/assets/images/2025/DECEMBER/15/vHHhh2ao_062b43bccd0d4e619d2debb8f98390dc.jpg,999,H&M Jacquard-Knit Cotton Jumper,4.57692289352417,26,"6M,6-9M,9-12M,12-18M,18-24M,2-3Y,3-4Y"
37935713,H&M,Sweatshirts,http://assets.myntassets.com/assets/images/2025/NOVEMBER/20/RvMlM35J_0bb533e6a99f4ffe8e5cbe7fedaf48c9.jpg,1499,H&M Hoodie,4.105839252471924,274,"XS,S,M,L,XL"
38467028,H&M,Hair Accessory,http://assets.myntassets.com/assets/images/2025/DECEMBER/15/rdrSOjZi_3efab9bbee494823ba3415684ed6a21a.jpg,699,H&M 2-Pack Embellished Scrunchies,0.0,0,Onesize
12034760,H&M,Nail Polish,http://assets.myntassets.com/assets/images/2025/OCTOBER/16/JtmFxo99_97dc1cbc7f794ca2b0b1fe88d4159dd6.jpg,299,H&M Nail Polish - Ice Cold Milk,4.671717166900635,198,Onesize
39348822,H&M,Night suits,http://assets.myntassets.com/assets/images/2026/JANUARY/13/3H07NGG0_bfd6bb10e56d4ed6a8a6f289cc454e1a.jpg,1499,H&M Cotton Pyjamas,4.55555534362793,9,"XS,S,M,L"
38305005,H&M,Sweatshirts,http://assets.myntassets.com/assets/images/2025/DECEMBER/15/3PdMIVDY_8684a86ff2ae48969278bd1abadc6b94.jpg,799,H&M Printed Sweatshirt,4.958333492279053,24,"6M,6-9M,9-12M,12-18M,18-24M,2-3Y,3-4Y"
37776912,H&M,Lounge Pants,http://assets.myntassets.com/assets/images/2025/NOVEMBER/20/AmMjhmh9_f3b738aa9da94932af3261ff45ff57e6.jpg,1399,H&M Pyjama bottoms,4.2727274894714355,11,"XXS,XS,S,M,L,XL"
35737950,H&M,Sweatshirts,http://assets.myntassets.com/assets/images/2025/SEPTEMBER/9/UlJHw2au_966dcef2a7fe49cfa0035a22a119b0bd.jpg,1499,H&M Hoodie,4.358847618103027,1215,"XS,S,M,L,XL"
36969324,H&M,Shirts,http://assets.myntassets.com/assets/images/2026/JANUARY/9/wnIw6oA2_0f152c55d60e41ebb36a35d2a411652c.jpg,1399,H&M Men Regular Fit Patterned Resort Shirt,4.380116939544678,171,"36,38,40,42,44,46"
38336494,H&M,Sweatshirts,http://assets.myntassets.com/assets/images/2025/DECEMBER/15/jNb5z9If_4cf0b65319784603bd58052de8e878f3.jpg,999,H&M Crew-Neck Sweatshirt,4.558510780334473,188,"8-10Y,10-12Y,12-14Y,14-15Y"
38296348,H&M,Tshirts,http://assets.myntassets.com/assets/images/2025/DECEMBER/15/WFrk1SG5_ff115d23b2234530a57539745314761b.jpg,399,H&M Printed Cotton T-shirt,4.691666603088379,120,"18-24M,2-4Y,4-6Y,6-8Y,8-10Y"
39331508,H&M,Tshirts,http://assets.myntassets.com/assets/images/2026/JANUARY/11/rVCVH5JU_f5e4cd1bf118458c915a1e762541f48d.jpg,699,H&M Fitted Cotton T-shirt,0.0,0,"XXS,XS,S,M,L,XL"
37656183,H&M,Trousers,http://assets.myntassets.com/assets/images/2025/NOVEMBER/3/DKXmCQk2_8297600cde4a45298b75cea7253c2333.jpg,1499,H&M Skirt-Layered Trousers,4.5714287757873535,70,"25,26,27,28,30,32,33,35"
38224949,H&M,Sweatshirts,http://assets.myntassets.com/assets/images/2025/DECEMBER/15/nMFKajIJ_bc2911a6d11d4ebf88ff5c70f16fd020.jpg,2299,H&M Oversized Fit Printed sweatshirt,4.256198406219482,121,"XS,S,M,L,XL,XXL"
37935941,H&M,Track Pants,http://assets.myntassets.com/assets/images/2025/NOVEMBER/20/a1EWJDjX_53f3f28f1f244d1882daf19813bbe846.jpg,799,H&M Brushed-Inside Joggers,4.642857074737549,14,"18-24M,2-3Y,3-4Y,4-5Y,5-6Y,6-7Y,7-8Y,8-9Y,9-10Y"
32644221,H&M,Tshirts,http://assets.myntassets.com/assets/images/2025/FEBRUARY/5/2sEsNvWN_c8a99e0f28aa4d3bb0b8160ab4683d4b.jpg,799,H&M Knitted Polo Shirt,4.607142925262451,28,"3-6M,6-9M,9-12M,12-18M,18-24M,2-3Y,3-4Y"
34298636,H&M,Leggings,http://assets.myntassets.com/assets/images/2025/MAY/20/PzICDUVP_776e949d18b54a84b0fc305f41e65c0c.jpg,799,H&M Flared Leggings,4.5916666984558105,120,"18-24M,2-3Y,3-4Y,4-5Y,5-6Y,6-7Y,7-8Y,8-9Y,9-10Y"
31681926,H&M,Sweatshirts,http://assets.myntassets.com/assets/images/2025/SEPTEMBER/9/p0xuXkND_c7b0ae902dd84355ae888cb02fbe4a2d.jpg,1499,H&M Infant Boys Printed Crew-Neck Sweatshirt,4.595744609832764,47,"18-24M,2-4Y,4-6Y,6-8Y,8-10Y"
39331586,H&M,Jeans,http://assets.myntassets.com/assets/images/2026/JANUARY/11/7mxW79ii_d987c681b52c456f89a8193098db7146.jpg,1499,H&M Relaxed Fit Straight Leg Jeans,0.0,0,"8-9Y,9-10Y,10-11Y,11-12Y,12-13Y,13-14Y,14-15Y"
38296215,H&M,Tshirts,http://assets.myntassets.com/assets/images/2025/DECEMBER/15/Je6C4xOc_48c5539e8210425785131bc3ab3153a6.jpg,399,H&M Printed Cotton T-Shirt,4.701612949371338,124,"18-24M,2-4Y,4-6Y,6-8Y,8-10Y"
36145074,H&M,Tshirts,http://assets.myntassets.com/assets/images/2025/SEPTEMBER/9/Crbyd5QY_9c1d9f3f52184628a7ebae2da1b93468.jpg,799,H&M Pure Cotton Loose Fit T-shirt,4.386363506317139,748,"XS,S,M,L,XL,XXL"
34218765,H&M,Trousers,http://assets.myntassets.com/assets/images/2025/SEPTEMBER/9/GbBswd6E_9cc179cc23224ad2941d81344200b12e.jpg,999,H&M Textured Jersey Trousers,4.514925479888916,134,"8-9Y,9-10Y,10-11Y,11-12Y,12-13Y,13-14Y,14-15Y"
39331452,H&M,Sweatshirts,http://assets.myntassets.com/assets/images/2026/JANUARY/11/DAw4Itd4_7363286568774f0d88df9645ea2305cc.jpg,1499,H&M Loose  Fit Zip-Through Hoodie,4.375,8,"XS,S,M,L,XL,XXL"
37656076,H&M,Trousers,http://assets.myntassets.com/assets/images/2025/NOVEMBER/3/9qUOsyDa_210fa579e2d4401f9f11fa4da6510905.jpg,1699,H&M Flared Trousers,4.086419582366943,81,"24,26,27,29,31,32,34,36"
36174442,H&M,Night suits,http://assets.myntassets.com/assets/images/2025/SEPTEMBER/9/LRD3G8Ht_b250e17333be455eb076aa968fe90e97.jpg,1399,H&M Pointelle Pyjamas,4.285714149475098,56,"XXS,XS,S,M,L,XL"
37789728,H&M,Trousers,http://assets.myntassets.com/assets/images/2025/NOVEMBER/20/T6P2Z1NC_a40508359b1d4ece955ee7de70177d8c.jpg,1499,H&M Flared Tailored Trousers,4.07692289352417,156,"25,26,27,28,30,32,33,35"
37631481,H&M,Skirts,http://assets.myntassets.com/assets/images/2025/NOVEMBER/3/Ejew2jfE_cd5984b7b60c4e3bae4a573cabdf8ab0.jpg,1999,H&M Girls Smocked Flounce Skirt,0.0,0,"8-9Y,9-10Y,10-11Y,11-12Y,12-13Y,13-14Y,14-15Y"
39010405,H&M,Sweaters,http://assets.myntassets.com/assets/images/2025/DECEMBER/28/EWUFlO5n_84e246e1906b4d938a4f509e48bace55.jpg,999,H&M Fine-Knit V-Neck cardigan,4.823529243469238,17,"XXS,XS,S,M,L,XL,XXL"
22067036,H&M,Necklace and Chains,http://assets.myntassets.com/assets/images/2025/SEPTEMBER/9/wVRrtrkX_4a56877260354a74b40d3e48b4536cfb.jpg,399,H&M Women Pendant Necklace,4.30498743057251,2787,Onesize
32348945,H&M,Tshirts,http://assets.myntassets.com/assets/images/2025/SEPTEMBER/9/XdGM0v4K_b1dd870176574cd2b11a2ca02095373e.jpg,699,H&M Cotton Piqu Polo Shirt,4.595091819763184,163,"18-24M,2-4Y,4-6Y,6-8Y,8-10Y"
37656057,H&M,Trousers,http://assets.myntassets.com/assets/images/2025/NOVEMBER/3/vsg7Lr3t_65f000db9c664d2c9cf2cb31d53eb0c9.jpg,2099,H&M Wide Tailored Trousers,4.7419352531433105,31,"24,26,27,29,31,32,34,36"
17198712,H&M,Cushion Covers,http://assets.myntassets.com/assets/images/2025/SEPTEMBER/9/OmwrgdIs_f97daecd626a4f01af7015e68cd7c06a.jpg,1399,H&M Beige Linen Breathable Square Cushion Cover - 23.6 x 23.6 Inches,4.666666507720947,6,"24""X24"""
39331643,H&M,Tops,http://assets.myntassets.com/assets/images/2026/JANUARY/11/N9ySx11u_44d1fe58ef504873abcd97e17f9590b9.jpg,999,H&M Long-Sleeved Cotton Top,0.0,0,"XS,S,M,L,XL"
39348810,H&M,Dresses,http://assets.myntassets.com/assets/images/2026/JANUARY/13/VzlSv7Vj_c5811e9969a843158ba65cd33f1f3ecd.jpg,399,H&M Cotton Dress,4.833333492279053,6,"6M,6-9M,9-12M,12-18M,18-24M,2-3Y,3-4Y"
37960292,H&M,Sweaters,http://assets.myntassets.com/assets/images/2025/NOVEMBER/20/AqwXM8mK_3f16a81e476843e1a97406593d40e05f.jpg,1499,H&M Knitted Jumper,4.318042755126953,327,"XXS,XS,S,M,L,XL,XXL"
39474313,H&M,Track Pants,http://assets.myntassets.com/assets/images/2026/JANUARY/20/4PyI4KSX_9aff5b9a11e34b66a50596f0f9294bee.jpg,999,H&M Wide Joggers,0.0,0,"23,26,29,32,36,41"
37138227,H&M,Shirts,http://assets.myntassets.com/assets/images/2025/OCTOBER/16/ACYxCCrM_01024c550fd6442b8b04557e7c30b827.jpg,2099,H&M Loose Fit Shirt,4.102564334869385,78,"36,38,40,42,44,46"
39450075,H&M,Tshirts,http://assets.myntassets.com/assets/images/2026/JANUARY/18/JsgW8m27_3704b041771c44e2be4dab05fbaec796.jpg,799,H&M Boys Print-Motif Cotton T-Shirt,0.0,0,"8-10Y,10-12Y,12-14Y,14-15Y"
34632422,H&M,Tshirts,http://assets.myntassets.com/assets/images/2025/SEPTEMBER/9/6YeAzUoc_29ae0b6081ba43058f38af7d48c61064.jpg,999,H&M Typography Printed Round Neck Drop Shoulder Sleeves Oversized T-shirt,4.322077751159668,385,"XXS,XS,S,M,L,XL"
38224549,H&M,Dresses,http://assets.myntassets.com/assets/images/2025/DECEMBER/15/izJWQ19g_5b59df6499b441ce8be5622cf676424a.jpg,599,H&M Printed Cotton Dress,4.91304349899292,23,"18-24M,2-4Y,4-6Y,6-8Y,8-10Y"
37935809,H&M,Sweatshirts,http://assets.myntassets.com/assets/images/2025/NOVEMBER/20/l5Q9keDi_2d365b0cc7544825a442e587abdc2343.jpg,1299,H&M Printed Sweatshirt,5.0,6,"18-24M,2-4Y,4-6Y,6-8Y,8-10Y"
37755621,H&M,Sweatshirts,http://assets.myntassets.com/assets/images/2025/NOVEMBER/20/ffExFlLX_bc11b14157d14641acd91f61525b2071.jpg,1999,H&M Oversized Print-Motif Sweatshirt,4.491525650024414,59,"XS,S,M,L"
36368678,H&M,Trousers,http://assets.myntassets.com/assets/images/2025/NOVEMBER/4/6EkOQZLB_62f6e90bbe994c9eacf4a6466af70c60.jpg,699,H&M Boys Pure Cotton Twill Chinos,3.901538372039795,325,"18-24M,2-3Y,3-4Y,4-5Y,5-6Y,6-7Y,7-8Y,8-9Y,9-10Y"
38845415,H&M,Leggings,http://assets.myntassets.com/assets/images/2025/DECEMBER/21/4iGC5x48_7fb0d5f8457e46d9a0625c14c04ce594.jpg,799,H&M Flared Leggings,4.560283660888672,141,"18-24M,2-3Y,3-4Y,4-5Y,5-6Y,6-7Y,7-8Y,8-9Y,9-10Y"
37789753,H&M,Sweatshirts,http://assets.myntassets.com/assets/images/2025/NOVEMBER/20/W4erez64_9a049d62dea44d80af195607e88a52b7.jpg,1499,H&M Boys Print-Motif Hoodie,4.276923179626465,65,"2-4Y,4-6Y,6-8Y,8-10Y"
33999464,H&M,Jackets,http://assets.myntassets.com/assets/images/2025/SEPTEMBER/9/IFu5KHc5_15283e994e004db4b0e8a7ca907f6bb1.jpg,1799,H&M Cotton Denim Jacket,5.0,11,"6M,6-9M,9-12M,12-18M,18-24M,2-3Y,3-4Y"
36368604,H&M,Clothing Set,http://assets.myntassets.com/assets/images/2025/SEPTEMBER/9/ArH3wqzJ_7216a33707024ebcbe6acc9db11811b3.jpg,1199,H&M Girls 2-Piece Printed Cotton Set,0.0,0,"6M,6-9M,9-12M,12-18M,18-24M,2-3Y,3-4Y"
36756076,H&M,Casual Shoes,http://assets.myntassets.com/assets/images/2025/OCTOBER/16/jJiGtJpl_a5d1fb16a14049eb92a5f94aea53172c.jpg,2499,H&M Loafers,4.318840503692627,69,"2,3,4,5,6,7,8,9"
34722334,H&M,Candles,http://assets.myntassets.com/assets/images/2025/SEPTEMBER/9/Tmfqnhox_9e9e14fac7ac488a9794cb6ee43651df.jpg,1099,H&M Candle in Glass Holder 1 Wick Dark Honey Abstract Geometric Regular Jar Candles,5.0,14,Onesize
35038389,H&M,Night suits,http://assets.myntassets.com/assets/images/2025/SEPTEMBER/9/pta2mfOB_16dcce12783641ea93c152011f18ffbd.jpg,1399,H&M 2-Piece Cotton Jersey Set,4.611111164093018,18,"XXS,XS,S,M,L,XL"
38224757,H&M,Tshirts,http://assets.myntassets.com/assets/images/2025/DECEMBER/15/XnhC431o_555663b31ccf43b8ab66fc048287c8b9.jpg,799,H&M Knitted Polo Shirt,0.0,0,"3-6M,6-9M,9-12M,12-18M,18-24M,2-3Y,3-4Y"
37935736,H&M,Sweatshirts,http://assets.myntassets.com/assets/images/2025/NOVEMBER/20/EorvxRpo_189fe8bf79524aedadddfd3539260ad7.jpg,1499,H&M Loose Fit Hoodie,4.309543132781982,35533,"XS,S,M,L,XL,XXL"
39010335,H&M,Tshirts,http://assets.myntassets.com/assets/images/2025/DECEMBER/28/VwGiQm7t_dea34dd85bc34bc58688b6b7d5fc281a.jpg,799,H&M Loose Fit Printed T-Shirt,4.090909004211426,11,"XS,S,M,L,XL,XXL"
39010361,H&M,Skirts,http://assets.myntassets.com/assets/images/2025/DECEMBER/28/uTvTIUXT_50fd964cf0b54b4eade3327bf91b434b.jpg,799,H&M Tulle Skirt,0.0,0,"18-24M,2-4Y,4-6Y,6-8Y,8-10Y"
36886230,H&M,Candles,http://assets.myntassets.com/assets/images/2026/JANUARY/9/k2jNyFXf_c6c277fb0b73446cb87ca46e8fb10aca.jpg,1299,H&M Black Small Metal Candle Holder,0.0,0,Onesize
37656154,H&M,Trousers,http://assets.myntassets.com/assets/images/2025/NOVEMBER/3/HAm1aq9m_e9c6a99d1c524ed6a4ecfcdabf2db568.jpg,1399,H&M Waffled Drawstring Trousers,4.379629611968994,108,"25,26,28,31,34,39"
39685990,H&M,Track Pants,http://assets.myntassets.com/assets/images/2026/JANUARY/29/Qu8QNG21_7f46cd5246434c59b7956073351a1189.jpg,999,H&M Straight-Leg Joggers,0.0,0,"26,28,31,34,39"
39331740,H&M,Tops,http://assets.myntassets.com/assets/images/2026/JANUARY/11/DdN9OESF_876365824ba4428399cfe9a73ee462b5.jpg,699,H&M Ribbed jersey top,5.0,6,"18-24M,2-4Y,4-6Y,6-8Y,8-10Y"
39477828,H&M,Tshirts,http://assets.myntassets.com/assets/images/2026/JANUARY/20/5XmV9MRi_fc8d58d1dfb644308f2172756f8feb7c.jpg,699,H&M Cotton T-Shirt,4.5,8,"XS,S,M,L,XL,XXL"
31605373,H&M,Planters,http://assets.myntassets.com/assets/images/2026/JANUARY/9/c02QYJ3t_744c10a300e1496c9c1aa6193a515239.jpg,1499,H&M Green Wide Terracotta Plant Pot & Saucer,0.0,0,Onesize
38845510,H&M,Sweatshirts,http://assets.myntassets.com/assets/images/2025/DECEMBER/21/TCpPpEOf_6339cc8474124cf3af35be3ddb76afff.jpg,1299,H&M Oversized Printed Sweatshirt,4.840909004211426,44,"8-10Y,10-12Y,12-14Y,14-15Y"
37163765,H&M,Sweatshirts,http://assets.myntassets.com/assets/images/2025/OCTOBER/16/xzhFX9KG_582a5f3b51654096b3b3c88602090435.jpg,1499,H&M Oversized Sweatshirt,4.342857360839844,245,"XXS,XS,S,M,L,XL"
39331512,H&M,Sweatshirts,http://assets.myntassets.com/assets/images/2026/JANUARY/11/Khbatcfr_f29a44f842ad4c29aa95d7d38f0b5ff0.jpg,1499,H&M Loose Fit Zip-Through Hoodie,3.857142925262451,7,"XS,S,M,L,XL,XXL"
39170224,H&M,Tops,http://assets.myntassets.com/assets/images/2026/JANUARY/4/urnVTGxG_2c9d1a015be045e681134a50544c48cc.jpg,999,H&M Cape Top,4.111111164093018,27,"XXS,XS,S,M,L,XL"
30145090,H&M,Leggings,http://assets.myntassets.com/assets/images/30145090/2024/7/6/a54664ec-785e-4de5-ada6-644c21c61fd61720258897814Flaredleggings1.jpg,799,H&M Girls Flared leggings,4.6710524559021,304,"18-24M,2-3Y,3-4Y,4-5Y,5-6Y,6-7Y,7-8Y,8-9Y,9-10Y"
34220971,H&M,Tshirts,http://assets.myntassets.com/assets/images/2025/SEPTEMBER/9/0L0nORub_404a60dbe4bd4458a6f863d2be40849d.jpg,999,H&M Loose Fit T-shirt,4.314327716827393,2052,"XS,S,M,L,XL,XXL"
31413513,H&M,Jeans,http://assets.myntassets.com/assets/images/2024/OCTOBER/25/yc5iOTcW_cdcc9d8457b04f58b2884c91a11a7434.jpg,799,H&M Infant Boys Skinny Fit  Mid-Rise Jeans,4.523636341094971,1100,"6M,6-9M,9-12M,12-18M,18-24M,2-3Y,3-4Y"
22846608,H&M,Tshirts,http://assets.myntassets.com/assets/images/2025/SEPTEMBER/9/WdiSfESu_eff11dd282c54effb6cecf87c36b9f04.jpg,799,H&M Women Fitted Microfibre T-shirt,4.413884162902832,1138,"XS,S,M,L,XL"
34836155,H&M,Tshirts,http://assets.myntassets.com/assets/images/2025/SEPTEMBER/9/08en45lN_bd56dc05cbe745aaa391b3af0a2761ce.jpg,699,H&M Cotton T-shirt,4.400000095367432,8625,"XS,S,M,L,XL"
27964138,H&M,Candles,http://assets.myntassets.com/assets/images/2025/SEPTEMBER/9/k8quGEsM_b71f7f8659a04b43bec01b7f1b955dfb.jpg,999,H&M Large Cork-Lid Candle 1 Wick Incense Ritual Solid Geometric Regular Jar Candles,5.0,8,Onesize
35141046,H&M,Hair Accessory,http://assets.myntassets.com/assets/images/2025/JUNE/24/pPipWBAt_471c19585fc34759a69257306fa60328.jpg,559,H&M Bead-Detail Satin Scrunchie,4.7272725105285645,11,Onesize
38845451,H&M,Sweatshirts,http://assets.myntassets.com/assets/images/2025/DECEMBER/21/AjkMqnnl_cfeb52b6cb484ea7b921e486a2873448.jpg,1499,H&M Frill-Trimmed Sweatshirt,0.0,0,"18-24M,2-4Y,4-6Y,6-8Y,8-10Y"
37789766,H&M,Skirts,http://assets.myntassets.com/assets/images/2025/NOVEMBER/20/nxFTNuWx_41c9a5855d0744d3b17ac2174844f196.jpg,1499,H&M Flared Mini Skirt,3.4000000953674316,5,"25,26,28,29,31"
34928565,H&M,Tshirts,http://assets.myntassets.com/assets/images/2025/SEPTEMBER/9/vzmX6qMe_b7092f8eaaab415183dd77cae4b30c40.jpg,799,H&M Jacquard-Jersey Cotton T-shirt,4.55555534362793,72,"18-24M,2-4Y,4-6Y,6-8Y,8-10Y"
38845380,H&M,Leggings,http://assets.myntassets.com/assets/images/2025/DECEMBER/21/4Zb31mEr_c8b463831c2f433db8752e106fd9bf8f.jpg,799,H&M Flared Leggings,0.0,0,"18-24M,2-3Y,3-4Y,4-5Y,5-6Y,6-7Y,7-8Y,8-9Y,9-10Y"
39685976,H&M,Track Pants,http://assets.myntassets.com/assets/images/2026/JANUARY/29/3AZDIK8O_9228ed31c07845e1a9eb6f2ba368c950.jpg,999,H&M Straight-Leg Joggers,0.0,0,"26,28,31,34,39"
34220973,H&M,Tshirts,http://assets.myntassets.com/assets/images/2025/SEPTEMBER/9/D41enOFA_2d118d6bd27c458486c8e277de5487de.jpg,799,H&M Loose Fit Printed T-shirt,4.502639293670654,5873,"XS,S,M,L,XL,XXL"
38225316,H&M,Sweaters,http://assets.myntassets.com/assets/images/2025/DECEMBER/15/CDkq720w_5fa7911527514c998cd665bf1de5f75e.jpg,1499,H&M Slim Fit Long-Sleeve Polo Shirt,4.433734893798828,83,"XS,S,M,L,XL,XXL"
38845512,H&M,Sweaters,http://assets.myntassets.com/assets/images/2025/DECEMBER/21/l2Rrg2jo_c68785cdf7c541aaae0cdc4bcaef8631.jpg,1499,H&M Cable-Knit Cardigan,4.438775539398193,98,"XXS,XS,S,M,L,XL"
34834649,H&M,Trousers,http://assets.myntassets.com/assets/images/2025/SEPTEMBER/9/5fjO32hH_9873f7db5e4940938b2321fdf4ddf2fc.jpg,1799,H&M Linen-Blend Drawstring Trousers,4.583333492279053,96,"25,26,28,31,34,39"
34836153,H&M,Tops,http://assets.myntassets.com/assets/images/2025/SEPTEMBER/9/5K0XyyuO_8da04aca647a4c22a21ee4f770422554.jpg,699,H&M Lace-Trimmed Top,4.281052589416504,950,"XXS,XS,S,M,L,XL"
36655822,H&M,Tshirts,http://assets.myntassets.com/assets/images/2026/JANUARY/9/QFQ3aUIP_454ec3adc1e5425281857e5d32033108.jpg,999,H&M Women Graphic Printed Oversized Cotton T-shirt,4.435098648071289,963,"XXS,XS,S,M,L,XL"
12034990,H&M,Nail Polish,http://assets.myntassets.com/assets/images/2025/OCTOBER/16/ClryTS8h_5b2b6a2642074753aaca1be8c89300c3.jpg,299,H&M Nail Polish - December Dawn,4.673367023468018,199,Onesize
37049948,H&M,Tops,http://assets.myntassets.com/assets/images/2025/OCTOBER/16/mMqT3Exb_c9a2d72f789a420a9d226c4864cc4397.jpg,1399,H&M Brown Draped Cold Shoulder Top,4.4285712242126465,98,"XXS,XS,S,M,L,XL"
12155048,H&M,Tshirts,http://assets.myntassets.com/assets/images/productimage/2020/7/28/ae4458c8-d0a9-449f-a5e2-f690d7ea2eaf1595892161166-1.jpg,499,H&M Men Grey Solid Round-neck T-shirt Regular Fit,4.227965354919434,58522,"XS,S,M,L,XL"
37651750,H&M,Sweatshirts,http://assets.myntassets.com/assets/images/2025/NOVEMBER/3/LU6avu69_1b1e9a08053742fe80ff1fb7a1045e6c.jpg,1999,H&M Loose Fit Printed Hoodie,4.3474440574646,1252,"XS,S,M,L,XL,XXL"
27747600,H&M,Shorts,http://assets.myntassets.com/assets/images/2025/SEPTEMBER/9/n7bfwZwj_e8c47a2a53d24fb5aa1cba763d6a5298.jpg,1119,H&M Women Pure Cotton Denim Shorts,4.339698314666748,995,"24,26,29,32,36,41"
39474332,H&M,Trousers,http://assets.myntassets.com/assets/images/2026/JANUARY/20/Cy5VbMPl_e0c880b702e646038f4a40b76fa599a5.jpg,999,H&M Textured Jersey Drawstring Trousers,0.0,0,"26,29,32,36"
20515752,H&M,Bath Towels,http://assets.myntassets.com/assets/images/2025/SEPTEMBER/9/Fl75O0IP_45218280abd6479a936d2ce0371efb81.jpg,1299,H&M Beige Self Design Terry Cotton 553GSM Super Soft Adult Regular Bath Towel-55x28In,4.546979904174805,298,Onesize
36756074,H&M,Casual Shoes,http://assets.myntassets.com/assets/images/2025/OCTOBER/16/djMxwyKd_8635c00f8fb94624a809030fce029911.jpg,2499,H&M Loafers,4.412698268890381,63,"2,3,4,5,6,7,8,9"
39479891,H&M,Dresses,http://assets.myntassets.com/assets/images/2026/JANUARY/30/WQDJdHTh_4f0073c2d0e2424ea02efc4b4328ffe4.jpg,599,H&M Printed Cotton Dress,0.0,0,"4-6Y,6-8Y,8-10Y"
34836126,H&M,Tshirts,http://assets.myntassets.com/assets/images/2025/SEPTEMBER/9/WYQosKpx_5f2929d66645453db41ffc60a96bd639.jpg,999,H&M Oversized Printed T-Shirt,4.081632614135742,49,"8-10Y,10-12Y,12-14Y,14-15Y"
37138281,H&M,Tshirts,http://assets.myntassets.com/assets/images/2025/OCTOBER/16/OrpJlCub_61772e2aa7884104a6adaba08a105623.jpg,499,H&M Cropped T-shirt,4.42014741897583,407,"XXS,XS,S,M,L,XL"
38224305,H&M,Leggings,http://assets.myntassets.com/assets/images/2025/DECEMBER/15/2DQqShre_2c8098970c5b4554b95a49eb8f9268bf.jpg,699,H&M Girls Brushed-Inside Leggings,4.799019813537598,204,"18-24M,2-3Y,3-4Y,4-5Y,5-6Y,6-7Y,7-8Y,8-9Y,9-10Y"
37651820,H&M,Skirts,http://assets.myntassets.com/assets/images/2025/NOVEMBER/3/9Or0kjDP_f71baafeb0fd4c868bca7389f30802f3.jpg,1999,H&M Belted Mini Skirt,4.833333492279053,48,"24,25,26,28,29,31,33,35"
