0,1,2,3
AD By Arvind,Slim Fit Opaque Casual Shirt,Rs. 1379,Rs. 2299
TATTVA,Men Solid Casual Shirt,Rs. 799,Rs. 1999
Kaku Fancy dresses,Boys Solid Casual Shirt,Rs. 410,Rs. 700
BAESD,Opaque Party Shirt,Rs. 358,Rs. 1999
AD By Arvind,Slim Fit Opaque Casual Shirt,Rs. 1019,Rs. 1699
DANFORTH,Regular Fit Casual Shirt,Rs. 315,Rs. 1150
CORSICA,Women Solid Casual Shirt,Rs. 498,Rs. 1299
Powerlook,Textured Long Sleeves Shirt,Rs. 989,Rs. 2199
Allen Solly Junior,Boys Striped Casual Shirt,Rs. 671,Rs. 1399
Roadster,Solid Regular Fit Shirt,Rs. 721,Rs. 1899
Nautica,Slim Cotton Linen Shirt,Rs. 863,Rs. 2699
United Colors of Benetton,Casual Shirt,Rs. 683,Rs. 1799
HERE&NOW,Slim Fit Casual Shirt,Rs. 694,Rs. 1999
Roadster,Pure Cotton Casual Shirt,Rs. 432,Rs. 1299
U.S. Polo Assn. Kids,Boys Checked Cotton Shirt,Rs. 1119,Rs. 1999
CORSICA,Slim Fit Casual Shirt,Rs. 594,Rs. 1999
Powerlook,Casual Shirt,Rs. 1099,Rs. 2199
Allen Solly Junior,Boys Checked Casual Shirt,Rs. 704,Rs. 1499
VANI COUTURE,Casual Shirt,Rs. 498,Rs. 999
ColorPlus,Opaque Casual Shirt,Rs. 999,Rs. 2499
Pepe Jeans,Casual Shirt,Rs. 798,Rs. 1699
max,Boys Striped Cotton Shirt,Rs. 559,Rs. 699
Urbano Fashion,Men Casual Solid Shirt,Rs. 879,Rs. 2199
Style Quotient,Women Formal Shirt,Rs. 584,Rs. 1499
VANI COUTURE,2Pc Boys Printed Casual Shirt,Rs. 498,Rs. 999
Nautica,Men Solid Linen Casual Shirt,Rs. 1177,Rs. 3799
BAESD,Boys Cotton Linen Shirt,Rs. 418,Rs. 460
Marks & Spencer,Opaque Casual Shirt,Rs. 849,Rs. 1699
Powerlook,Men Checked Cotton Shirt,Rs. 813,Rs. 2199
AAHWAN,Women Solid Casual Shirt,Rs. 594,Rs. 1999
Roadster,Pure Cotton Casual Shirt,Rs. 869,Rs. 2199
Mr Bowerbird,Tailored Fit Casual Shirt,Rs. 1399,Rs. 3499
CORSICA,Solid Slim Fit Casual Shirt,Rs. 492,Rs. 1299
CRESALE,Casual Shirt,Rs. 351,Rs. 899
Nautica,Slim Fit Linen Casual Shirt,Rs. 1177,Rs. 3799
Googo Gaaga,Boys Printed Cotton Shirt,Rs. 353,Rs. 1400
QIOA,Relaxed Striped Shirt,Rs. 370,Rs. 1499
ColorPlus,Pure Cotton Casual Shirt,Rs. 1080,Rs. 2299
VASTRADO,Boxy Casual Shirt,Rs. 787,Rs. 2249
Roadster,Pleated Wrap Style Shirt,Rs. 797,Rs. 1999
Powerlook,Men Striped Casual Shirt,Rs. 799,Rs. 1999
U.S. Polo Assn. Kids,Boys Printed Casual Shirt,Rs. 774,Rs. 1799
Marks & Spencer,Opaque Casual Shirt,Rs. 749,Rs. 1499
Allen Solly,Micro Ditsy Pure Cotton Shirt,Rs. 919,Rs. 1999
Moda Rapido,Casual Shirt,Rs. 430,Rs. 1499
U.S. PITCHERS,Men Imported Linen Shirt,Rs. 548,Rs. 1299
The Indian Garage Co,Pure Cotton Casual Shirt,Rs. 519,Rs. 1999
United Colors of Benetton,Spread Collar Casual Shirt,Rs. 734,Rs. 1499
H&M,Regular Fit Corduroy Shirt,Rs. 1199,Rs. 1999
Nautica,Men Solid Linen Shirt,Rs. 1393,Rs. 3399
HERE&NOW,Smart CottonLinen Casual Shirt,Rs. 599,Rs. 1498
Allen Solly Junior,Casual Shirt,Rs. 764,Rs. 1499
GAP,Boys Relaxed Fit Cotton Shirt,Rs. 749,Rs. 1499
Banana Club,Men Solid Formal Shirt,Rs. 1299,Rs. 1999
Allen Solly Junior,Boys Printed Cotton Shirt,Rs. 727,Rs. 1399
United Colors of Benetton,Boys Cotton Casual Shirt,Rs. 749,Rs. 1499
Powerlook,Men Faded Cotton Casual Shirt,Rs. 1241,Rs. 2699
CHILINS,Boys Casual Full Shirt,Rs. 429,Rs. 999
Campus Sutra,Checked Cotton Casual Shirt,Rs. 759,Rs. 1999
Urbano Plus,Plus Size Relaxed Fit Shirt,Rs. 965,Rs. 2299
United Colors of Benetton,Boys Spread Collar Shirt,Rs. 1079,Rs. 1999
Paper Cut,Relaxed Fit Cotton Shirts,Rs. 699,Rs. 2999
Powerlook,Men Solid Cotton Casual Shirt,Rs. 1376,Rs. 2699
Pepe Jeans,Boys Checked Casual Shirt,Rs. 751,Rs. 1599
CHARCHIT,Boys Striped Casual Shirt,Rs. 794,Rs. 1190
Urbano Plus,Casual Shirt,Rs. 959,Rs. 2399
VANI COUTURE,Casual Shirt,Rs. 498,Rs. 999
CORSICA,Casual Shirt,Rs. 699,Rs. 2199
Powerlook,Opaque Casual Shirt,Rs. 1121,Rs. 2199
TOONKY,Casual Shirt,Rs. 398,Rs. 1599
United Colors of Benetton,Boys Striped Cotton Shirt,Rs. 863,Rs. 1799
Park Avenue,Pure Cotton Slim Formal Shirt,Rs. 1039,Rs. 1999
Pepe Jeans,Boys Printed Casual Shirt,Rs. 751,Rs. 1599
HERE&NOW,Women Oversized Cotton Shirt,Rs. 694,Rs. 2299
Banana Club,Men Striped Casual Shirt,Rs. 1399,Rs. 2299
United Colors of Benetton,Opaque Casual Shirt,Rs. 759,Rs. 1999
max,Casual Shirt,,
Raymond,Pure Cotton Formal Shirt,Rs. 1049,Rs. 2099
BEARSOUL,Relaxed Fit Casual Shirt,Rs. 495,Rs. 1725
HERE&NOW,Slim Fit Opaque Casual Shirt,Rs. 632,Rs. 1999
The Indian Garage Co,Slim Fit Cotton Casual Shirt,Rs. 480,Rs. 1849
Force,Printed Regular Fit Shirt,Rs. 594,Rs. 1999
INDICLUB,Spread Collar Shirt,Rs. 403,Rs. 999
Powerlook,SS25 Denim Casual Shirt,Rs. 1362,Rs. 2899
NEXT,Boys Embroidered Shirt,Rs. 1249,Rs. 2499
VANI COUTURE,Casual Shirt,Rs. 498,Rs. 999
Nautica,Slim Fit Casual Shirt,Rs. 887,Rs. 2399
VASTRADO,Men Slim Fit Cotton Shirt,Rs. 560,Rs. 1649
CORSICA,Slim Fit Casual Shirt,Rs. 594,Rs. 1999
Urbano Fashion,Denim Casual Shirt,Rs. 911,Rs. 2399
Allen Solly Junior,Boys Striped Casual Shirt,Rs. 662,Rs. 1299
RAVYA TRENDZ,2 pic kids boy shirt,Rs. 498,Rs. 1809
Nautica,Pure Cotton Slim Casual Shirt,Rs. 811,Rs. 2899
AWW HUNNIE,Casual Shirt,Rs. 475,Rs. 1799
H&M,Cotton Shirt,,
Park Avenue,Slim Pure Cotton Casual Shirt,Rs. 989,Rs. 2199
Allen Solly Junior,Boys Solid Cotton Party Shirt,Rs. 1199,Rs. 1599
CORSICA,Slim Fit Casual Shirt,Rs. 592,Rs. 1699
Nautica,Slim Fit Striped Casual Shirt,Rs. 815,Rs. 2399
Jack & Jones,Boys Printed Casual Shirt,Rs. 764,Rs. 1699
MAMERU,Casual Shirt,Rs. 491,Rs. 1999
AD By Arvind,Men Checked Casual Shirt,Rs. 1379,Rs. 2299
Pepe Jeans,Boys Checked Casual Shirt,Rs. 827,Rs. 1799
HELLCAT,Boys Cotton Casual Shirt,Rs. 340,Rs. 1999
Red Tape,Casual Shirt,Rs. 783,Rs. 4899
H&M,Cotton Shirt,,
Maaesa,Casual Shirt,Rs. 699,Rs. 2497
Raymond,Slim Fit Formal Shirt,Rs. 1196,Rs. 2099
Nautica,Casual Shirt,Rs. 559,Rs. 1999
SKY PEARL,Opaque Casual Shirt,Rs. 394,Rs. 999
Nautica,Slim Fit Formal Shirt,Rs. 755,Rs. 2699
Mango Kids,Boys Printed Cotton Shirt,Rs. 851,Rs. 1890
CRESALE,Boys Casual Shirt,Rs. 351,Rs. 899
Banana Club,Men Textured Casual Shirt,Rs. 1249,Rs. 2199
AAHWAN,Women Solid Casual Shirt,Rs. 594,Rs. 1999
Pepe Jeans,Boys Cotton Casual Shirt,Rs. 974,Rs. 1299
Roadster,Relaxed Fit Casual Shirt,Rs. 486,Rs. 2599
RAVYA TRENDZ,2 pic kids boy shirt,Rs. 498,Rs. 1809
U.S. Polo Assn. Kids,Boys Pure Cotton Shirt,Rs. 1244,Rs. 1499
GAP,Button-Down Full Sleeve Shirt,Rs. 1249,Rs. 2499
CHARCHIT,Boys Textured Casual Shirt,Rs. 794,Rs. 1190
Juniors by Babyshop,Casual Shirt,,
Nautica,Slim Fit Casual Shirt,Rs. 713,Rs. 2099
Allen Solly Junior,Boys Striped Casual Shirt,Rs. 671,Rs. 1399
CORSICA,Slim Fit Casual Shirt,Rs. 592,Rs. 1899
Louis Philippe,Slim Pure Cotton Formal Shirt,Rs. 1224,Rs. 2499
VASTRADO,Men Textured Casual Shirt,Rs. 577,Rs. 1649
Manspire,Casual Shirt,Rs. 371,Rs. 1599
Powerlook,Long Sleeves Shirt,Rs. 1295,Rs. 2699
Googo Gaaga,Casual Shirt,Rs. 387,Rs. 2499
CAVIO,Boys Satin Casual Shirt,Rs. 829,Rs. 995
UNSTD,Plus Size Striped Shirt,Rs. 1298,Rs. 1999
BAESD,Opaque Party Shirt,Rs. 350,Rs. 2199
HERE&NOW,Boys Comfort Pure Cotton Shirt,Rs. 597,Rs. 1996
The Souled Store,Men Printed Casual Shirt,Rs. 1399,Rs. 1799
United Colors of Benetton,Spread Collar Casual Shirt,Rs. 734,Rs. 1499
U.S. PITCHERS,Men Oxford Cotton Shirt,Rs. 598,Rs. 1299
Powerlook,Casual Shirt,Rs. 909,Rs. 2599
Mast & Harbour,Men Checked Party Shirt,Rs. 256,Rs. 1999
United Colors of Benetton,Opaque Casual Shirt,Rs. 873,Rs. 2299
Nautica,Pure Cotton Casual Shirt,Rs. 805,Rs. 2599
Manspire,Formal Shirt,Rs. 372,Rs. 1599
U.S. Polo Assn. Kids,Opaque Casual Shirt,Rs. 738,Rs. 1799
Powerlook,Men Solid Cotton Casual Shirt,Rs. 923,Rs. 2199
Style Quotient,Women Striped Formal Shirt,Rs. 642,Rs. 1399
Roadster,Pure Cotton Casual Shirt,Rs. 599,Rs. 1799
Roadster,Cotton Relaxed Fit Shirt,Rs. 509,Rs. 1499
Googo Gaaga,Opaque Casual Shirt,Rs. 353,Rs. 1400
Allen Solly Junior,Boys Printed Casual Shirt,Rs. 671,Rs. 1399
KINGDOM OF WHITE,Pure Cotton Casual Shirt,Rs. 1226,Rs. 1499
DANFORTH,Boys Textured Cotton Shirt,Rs. 315,Rs. 1150
Paper Cut,Relaxed Fit Cotton Shirts,Rs. 699,Rs. 2999
Raymond,Pure Cotton Formal Shirt,Rs. 1149,Rs. 2299
U.S. Polo Assn. Kids,Boys Printed Casual Shirt,Rs. 1121,Rs. 1699
BAESD,Opaque Casual Shirt,Rs. 358,Rs. 1999
Urbano Fashion,Men Solid Casual Shirt,Rs. 759,Rs. 1899
United Colors of Benetton,Opaque Casual Shirt,Rs. 759,Rs. 1999
Roadster,Embroidered Casual Shirt,Rs. 747,Rs. 2199
WROGN,Striped Slim Fit Shirt,Rs. 1399,Rs. 2399
CORSICA,Women Satin Shirts,Rs. 699,Rs. 2199
GAP,Boys Solid Relaxed Fit Shirt,Rs. 899,Rs. 1799
AD By Arvind,Slim Fit Pure Cotton Shirt,Rs. 1079,Rs. 1799
H&M,Printed Resort Shirt,,
Allen Solly Junior,Casual Shirt,Rs. 764,Rs. 1499
Nautica,Pure Cotton Classic Fit Shirt,Rs. 1091,Rs. 2599
HERE&NOW,Boys Printed Cotton Shirt,Rs. 597,Rs. 1996
U.S. PITCHERS,Men Oxford Button-Down Shirt,Rs. 598,Rs. 1299
Banana Club,Men Solid Formal Shirt,Rs. 1299,Rs. 1999
Pepe Jeans,Boys Checked Casual Shirt,Rs. 767,Rs. 1599
HERE&NOW,Denim Casual Shirt,Rs. 649,Rs. 2399
HIGHLANDER,Slim Fit Striped Casual Shirt,Rs. 467,Rs. 1799
Trendyol,Pure Cotton Casual Shirt,Rs. 1259,Rs. 2799
Mango Kids,Boys Cotton Striped Shirt,Rs. 1134,Rs. 1890
Red Tape,Men Solid Cotton Formal Shirt,Rs. 668,Rs. 4399
HERE&NOW,Denim Casual Shirt,Rs. 649,Rs. 2399
Roadster,Oversized Casual Shirt,Rs. 488,Rs. 1499
Banana Club,Men Blended Linen Shirt,Rs. 1098,Rs. 1999
SHIRTZONE,Men Polycotton Shirts,Rs. 314,Rs. 1999
glitchez,Casual Shirt,Rs. 471,Rs. 1699
Mast & Harbour,Slim Fit Linen Casual Shirt,Rs. 1154,Rs. 3499
Roadster,Chambray Casual Shirt,Rs. 460,Rs. 1499
Paper Cut,Relaxed Fit Cotton Shirts,Rs. 699,Rs. 2999
Powerlook,Casual Shirt,Rs. 1011,Rs. 2299
SKY PEARL,Opaque Casual Shirt,Rs. 394,Rs. 1599
Femibazaar,Striped Casual Shirt,Rs. 425,Rs. 1599
AD By Arvind,Regular Fit Formal Shirt,Rs. 1019,Rs. 1699
QIOA,Striped Polyester Casual Shirt,Rs. 333,Rs. 1499
Femibazaar,Striped Casual Shirt,Rs. 425,Rs. 1599
Powerlook,Casual Shirt,Rs. 1295,Rs. 2699
CHARCHIT,Boys Embroidered Shirt,Rs. 995,Rs. 1290
CORSICA,Casual Shirt,Rs. 699,Rs. 2199
Nautica,Pure Cotton Slim Casual Shirt,Rs. 767,Rs. 2399
United Colors of Benetton,Band Collar Casual Shirt,Rs. 734,Rs. 1499
Allen Solly Junior,Boys Cotton Casual Shirt,Rs. 545,Rs. 1399
Urbano Fashion,Denim Casual Shirt,Rs. 911,Rs. 2399
VASTRADO,Boxy Casual Shirt,Rs. 612,Rs. 1749
RIGS AND RAGS,Casual Shirt,Rs. 759,Rs. 1899
Powerlook,SS25 Denim Casual Shirt,Rs. 1420,Rs. 2899
CORSICA,Casual Shirt,Rs. 699,Rs. 2199
Allen Solly Junior,Boys Regular Fit Casual Shirt,Rs. 873,Rs. 1899
Urbano Fashion,Men Relaxed Fit Shirt,Rs. 879,Rs. 2199
HERE&NOW,Boys Printed Cotton Shirt,Rs. 597,Rs. 1996
HERE&NOW,Cotton Casual Shirt,Rs. 595,Rs. 2299
Ed-a-Mamma,Boys Checked Casual Shirt,Rs. 489,Rs. 1399
United Colors of Benetton,Opaque Casual Shirt,Rs. 759,Rs. 1999
CORSICA,Casual Shirt,Rs. 699,Rs. 2199
Nautica,Pure Cotton Slim Casual Shirt,Rs. 689,Rs. 2299
AAHWAN,Slim Fit Casual Shirt,Rs. 594,Rs. 1999
CORSICA,Casual Shirt,Rs. 699,Rs. 2199
Peter England,Slim Fit Opaque Casual Shirt,Rs. 730,Rs. 1699
NEXT,Boys Spread Collar Shirt,Rs. 934,Rs. 1699
Paper Cut,Relaxed Fit Cotton Shirts,Rs. 699,Rs. 2999
Nautica,Slim Fit Casual Shirt,Rs. 1115,Rs. 3099
Allen Solly Junior,Boys Striped Casual Shirt,Rs. 1154,Rs. 1499
KIDGARB,Pack Of 2 Casual Shirts,Rs. 498,Rs. 999
Blu MNKY,Slim Fit Party Shirt,Rs. 979,Rs. 1399
Allen Solly Junior,Opaque Casual Shirt,Rs. 615,Rs. 1399
Nautica,Casual Shirt,Rs. 519,Rs. 1999
Powerlook,Casual Shirt,Rs. 1039,Rs. 2599
United Colors of Benetton,Casual Shirt,Rs. 683,Rs. 1799
HERE&NOW,Boys Printed Cotton Shirt,Rs. 597,Rs. 1996
The Indian Garage Co,Men Checked Cotton Shirt,Rs. 671,Rs. 2099
Blue Ronin,Spread Collar Formal Shirt,Rs. 499,Rs. 1199
United Colors of Benetton,Boys Striped Pure Cotton Shirt,Rs. 979,Rs. 1999
Nautica,Slim Fit Casual Shirt,Rs. 1084,Rs. 3099
max,Women Textured Cotton Shirt,Rs. 899,Rs. 999
Oxolloxo,Casual Shirt,Rs. 593,Rs. 1799
U.S. Polo Assn.,Pure Cotton Casual Shirt,Rs. 1310,Rs. 2299
RAVYA TRENDZ,2 pic kids boy shirt,Rs. 498,Rs. 1809
HERE&NOW,Striped Cotton Casual Shirt,Rs. 595,Rs. 2299
Aldeno,Oxford Cotton Casual Shirt,Rs. 1359,Rs. 3999
max,Boys Pure Cotton Shirt,,
MASU LIVING,Opaque Casual Shirt,Rs. 597,Rs. 1996
Nautica,Slim Pure Cotton Shirt,Rs. 989,Rs. 3299
Tzelynn,Women Floral Casual Shirt,Rs. 429,Rs. 1199
Roadster,Pure Cotton Oversized Shirt,Rs. 591,Rs. 1599
Nautica,Slim Fit Formal Shirt,Rs. 755,Rs. 2699
HERE&NOW,Boys Comfort Cotton Shirt,Rs. 597,Rs. 1996
VASTRADO,Boxy Casual Shirt,Rs. 699,Rs. 1999
Snitch,Smart Slim Fit Casual Shirt,,
United Colors of Benetton,Boys Pure Cotton Shirt,Rs. 1149,Rs. 2299
max,Casual Shirt,,
Snitch,Men Self Design Casual Shirt,,
Allen Solly Junior,Boys Printed Casual Shirt,Rs. 623,Rs. 1299
AAHWAN,Casual Shirt,Rs. 594,Rs. 1999
VASTRADO,Men Slim Fit Cotton Shirt,Rs. 804,Rs. 1749
Club96,Boys Cotton Shirts,Rs. 398,Rs. 1499
VASTRADO,Slim Fit Casual Shirt,Rs. 664,Rs. 1899
Nautica,Slim Fit Casual Shirt,Rs. 728,Rs. 2699
CORSICA,Semi Sheer Casual Shirt,Rs. 699,Rs. 2199
Rocket Science,Slim Fit Casual Shirt,Rs. 498,Rs. 1299
Peter England,Men Formal Shirt,Rs. 551,Rs. 1199
glitchez,Casual Shirt,Rs. 477,Rs. 1699
VASTRADO,Boxy Casual Shirt,Rs. 664,Rs. 1899
Nautica,Pure Cotton Casual Shirt,Rs. 1055,Rs. 3199
RARE ONES,Opaque Casual Shirt,Rs. 999,Rs. 1999
CORSICA,Casual Shirt,Rs. 699,Rs. 2199
StyleCast x Revolte,Men Solid Casual Shirt,Rs. 827,Rs. 2299
Roadster,Cotton Casual Shirt,Rs. 797,Rs. 1999
PINACOLADA,Women Printed Casual Shirt,Rs. 569,Rs. 1499
Sztori,Plus Size Cotton Printed Shirt,Rs. 836,Rs. 2699
AAHWAN,Casual Shirt,Rs. 499,Rs. 1999
max,Casual Shirt,,
Crimsoune Club,Slim Fit Striped Casual Shirt,Rs. 506,Rs. 1299
U.S. Polo Assn. Kids,Boys Printed Cotton Shirt,Rs. 1079,Rs. 1799
VASTRADO,Oversized Casual Shirt,Rs. 664,Rs. 1899
Powerlook,Casual Shirt,Rs. 1007,Rs. 2799
HERE&NOW,Floral Printed Casual Shirt,Rs. 658,Rs. 1996
max,Boys Striped Cotton Shirt,Rs. 489,Rs. 699
Roadster,Cotton Spread Collar Shirt,Rs. 799,Rs. 1999
classy fashion,Slim Fit Casual Shirt,Rs. 649,Rs. 1999
VASTRADO,Boxy Casual Shirt,Rs. 999,Rs. 1999
Powerlook,SS25 Casual Shirt,Rs. 674,Rs. 2699
Paper Cut,Relaxed Fit Cotton Shirts,Rs. 699,Rs. 2999
StyleCast x Revolte,Boys Printed Cotton Shirt,Rs. 692,Rs. 2099
Nautica,Pure Cotton Casual Shirt,Rs. 890,Rs. 2699
Roadster,Slim Fit Cotton Casual Shirt,Rs. 702,Rs. 1899
United Colors of Benetton,Cotton Casual Shirt,Rs. 949,Rs. 2499
Nautica,Slim Fit Checked Casual Shirt,Rs. 727,Rs. 2599
Allen Solly Junior,Boys Self Design Casual Shirt,Rs. 623,Rs. 1299
United Colors of Benetton,Pure Cotton Casual Shirt,Rs. 749,Rs. 1499
French Connection,Slim Fit Linen Shirt,Rs. 835,Rs. 2199
Hopscotch,Kids-Boys Cotton Casual Shirts,Rs. 545,Rs. 599
CHARCHIT,Boys Printed Cotton Shirt,Rs. 995,Rs. 1290
Powerlook,Casual Shirt,Rs. 1175,Rs. 2799
HERE&NOW,Denim Casual Shirt,Rs. 649,Rs. 2399
HERE&NOW,Semi Sheer Casual Shirt,Rs. 694,Rs. 2299
Nautica,Men Slim Fit Casual Shirt,Rs. 734,Rs. 2099
HIGHLANDER,Boxy Casual Shirt,Rs. 929,Rs. 2749
SZN,Textured Casual Shirt,Rs. 393,Rs. 1499
The Souled Store,Men Striped Casual Shirt,Rs. 1399,Rs. 1899
VASTRADO,Casual Shirt,Rs. 699,Rs. 1999
BAESD,Boys Checked Cotton Shirt,Rs. 310,Rs. 2399
Powerlook,Oversized Drop-Shoulder Shirt,Rs. 919,Rs. 1999
StitchX,Men Over-Dyed Shirt,Rs. 999,Rs. 1499
Allen Solly Junior,Casual Shirt,Rs. 1019,Rs. 1499
Powerlook,Tartan Checked Shirt,Rs. 1187,Rs. 2199
HERE&NOW,Men Cotton Linen Casual Shirt,Rs. 599,Rs. 1498
all about you,Embroidered Casual Shirt,Rs. 879,Rs. 2199
AD By Arvind,Men Slim Fit Cotton Shirt,Rs. 1079,Rs. 1799
